,GAME_ID,TEAM_ID,TEAM_ABBREVIATION,TEAM_CITY,PLAYER_ID,PLAYER_NAME,NICKNAME,START_POSITION,COMMENT,MIN,FGM,FGA,FG_PCT,FG3M,FG3A,FG3_PCT,FTM,FTA,FT_PCT,OREB,DREB,REB,AST,STL,BLK,TO,PF,PTS,PLUS_MINUS
0,22201174,1610612755,PHI,Philadelphia,202699,Tobias Harris,Tobias,F,,28:18:00,3,6,0.5,0,3,0,0,0,0,1,2,3,3,1,2,1,1,6,-12
1,22201174,1610612755,PHI,Philadelphia,200782,P.J. Tucker,P.J.,F,,24:09:00,2,5,0.4,1,3,0.333,0,0,0,1,1,2,2,0,0,0,4,5,-11
2,22201174,1610612755,PHI,Philadelphia,203954,Joel Embiid,Joel,C,,31:36:00,11,25,0.44,1,7,0.143,5,5,1,1,8,9,5,0,0,1,4,28,-10
3,22201174,1610612755,PHI,Philadelphia,1630178,Tyrese Maxey,Tyrese,G,,34:53:00,9,15,0.6,6,7,0.857,5,5,1,0,4,4,2,1,0,1,1,29,-13
4,22201174,1610612755,PHI,Philadelphia,201935,James Harden,James,G,,34:18:00,4,9,0.444,1,3,0.333,2,2,1,1,1,2,6,1,0,5,3,11,-12
5,22201174,1610612755,PHI,Philadelphia,1627777,Georges Niang,Georges,,,17:17,0,2,0,0,2,0,0,0,0,0,0,0,0,0,0,0,1,0,-10
6,22201174,1610612755,PHI,Philadelphia,1629001,De'Anthony Melton,De'Anthony,,,21:40,1,5,0.2,1,4,0.25,0,0,0,1,0,1,0,0,0,2,2,3,-16
7,22201174,1610612755,PHI,Philadelphia,1629667,Jalen McDaniels,Jalen,,,14:02,0,4,0,0,1,0,0,0,0,1,2,3,1,0,0,0,0,0,-9
8,22201174,1610612755,PHI,Philadelphia,1630194,Paul Reed,Paul,,,13:21,4,5,0.8,0,0,0,0,0,0,5,5,10,0,0,0,0,1,8,3
9,22201174,1610612755,PHI,Philadelphia,1627863,Danuel House Jr.,Danuel,,,9:14,4,7,0.571,2,4,0.5,0,0,0,0,1,1,0,0,0,0,0,10,6
10,22201174,1610612755,PHI,Philadelphia,1629003,Shake Milton,Shake,,,4:03,1,2,0.5,0,1,0,0,1,0,0,1,1,0,0,0,0,0,2,7
11,22201174,1610612755,PHI,Philadelphia,1627788,Furkan Korkmaz,Furkan,,,4:03,1,1,1,0,0,0,0,0,0,0,0,0,0,0,0,0,0,2,7
12,22201174,1610612755,PHI,Philadelphia,1626149,Montrezl Harrell,Montrezl,,,3:06,0,1,0,0,1,0,0,0,0,0,0,0,0,0,0,1,0,0,5
13,22201174,1610612755,PHI,Philadelphia,203473,Dewayne Dedmon,Dewayne,,DNP - Coach's Decision,,,,,,,,,,,,,,,,,,,,
14,22201174,1610612749,MIL,Milwaukee,203114,Khris Middleton,Khris,F,,31:52:00,6,14,0.429,3,8,0.375,4,4,1,0,3,3,9,0,0,1,2,19,7
15,22201174,1610612749,MIL,Milwaukee,203507,Giannis Antetokounmpo,Giannis,F,,31:49:00,13,17,0.765,0,1,0,7,13,0.538,2,12,14,6,1,3,4,5,33,21
16,22201174,1610612749,MIL,Milwaukee,201572,Brook Lopez,Brook,C,,31:12:00,9,13,0.692,1,2,0.5,2,2,1,3,3,6,0,0,0,0,2,21,12
17,22201174,1610612749,MIL,Milwaukee,1628960,Grayson Allen,Grayson,G,,19:43,1,3,0.333,0,2,0,0,0,0,0,5,5,1,0,0,0,1,2,12
18,22201174,1610612749,MIL,Milwaukee,201950,Jrue Holiday,Jrue,G,,34:42:00,7,11,0.636,2,4,0.5,2,2,1,1,2,3,3,4,0,2,1,18,8
19,22201174,1610612749,MIL,Milwaukee,204060,Joe Ingles,Joe,,,19:32,2,3,0.667,2,3,0.667,0,0,0,0,1,1,2,1,0,1,0,6,13
20,22201174,1610612749,MIL,Milwaukee,1626171,Bobby Portis,Bobby,,,27:30:00,8,11,0.727,2,3,0.667,0,0,0,0,5,5,0,1,1,1,3,18,6
21,22201174,1610612749,MIL,Milwaukee,203109,Jae Crowder,Jae,,,17:04,0,5,0,0,2,0,0,0,0,0,0,0,1,1,1,0,1,0,-3
22,22201174,1610612749,MIL,Milwaukee,1628975,Jevon Carter,Jevon,,,20:52,0,1,0,0,1,0,0,0,0,0,2,2,6,0,0,0,1,0,13
23,22201174,1610612749,MIL,Milwaukee,201609,Goran Dragic,Goran,,,1:26,0,2,0,0,2,0,0,0,0,0,0,0,0,0,0,0,0,0,-6
24,22201174,1610612749,MIL,Milwaukee,202083,Wesley Matthews,Wesley,,,1:26,0,0,0,0,0,0,0,0,0,0,1,1,0,0,0,0,0,0,-6
25,22201174,1610612749,MIL,Milwaukee,1626192,Pat Connaughton,Pat,,,1:26,0,0,0,0,0,0,0,0,0,0,1,1,0,0,0,0,0,0,-6
26,22201174,1610612749,MIL,Milwaukee,1630699,MarJon Beauchamp,MarJon,,,1:26,0,0,0,0,0,0,0,0,0,1,0,1,0,0,0,0,1,0,-6
27,22201174,1610612749,MIL,Milwaukee,203648,Thanasis Antetokounmpo,Thanasis,,DND_LEAGUE_SUSPENSION,,,,,,,,,,,,,,,,,,,,
0,22201167,1610612742,DAL,Dallas,203501,Tim Hardaway Jr.,Tim,F,,18:09,1,6,0.167,1,4,0.25,3,4,0.75,0,1,1,0,0,0,1,2,6,-13
1,22201167,1610612742,DAL,Dallas,203493,Reggie Bullock,Reggie,F,,20:01,3,6,0.5,2,5,0.4,0,0,0,0,5,5,0,1,0,1,0,8,-5
2,22201167,1610612742,DAL,Dallas,203939,Dwight Powell,Dwight,C,,19:55,3,3,1,0,0,0,1,2,0.5,1,0,1,2,0,0,1,1,7,4
3,22201167,1610612742,DAL,Dallas,202681,Kyrie Irving,Kyrie,G,,44:22:00,16,27,0.593,1,6,0.167,8,8,1,2,3,5,4,2,1,1,3,41,-6
4,22201167,1610612742,DAL,Dallas,1629029,Luka Doncic,Luka,G,,43:46:00,8,21,0.381,3,12,0.25,3,4,0.75,0,7,7,7,0,1,5,2,22,-1
5,22201167,1610612742,DAL,Dallas,1630182,Josh Green,Josh,,,39:56:00,6,9,0.667,1,4,0.25,0,0,0,2,3,5,4,1,0,0,1,13,6
6,22201167,1610612742,DAL,Dallas,1630702,Jaden Hardy,Jaden,,,13:36,1,1,1,0,0,0,0,2,0,2,1,3,2,0,0,1,1,2,-3
7,22201167,1610612742,DAL,Dallas,1628467,Maxi Kleber,Maxi,,,7:30,1,4,0.25,0,2,0,0,0,0,1,0,1,1,0,0,0,0,2,-20
8,22201167,1610612742,DAL,Dallas,1626174,Christian Wood,Christian,,,29:50:00,5,10,0.5,2,3,0.667,6,10,0.6,1,10,11,3,0,1,4,1,18,10
9,22201167,1610612742,DAL,Dallas,202722,Davis Bertans,Davis,,,4:54,0,2,0,0,2,0,0,0,0,0,2,2,0,0,0,0,1,0,5
10,22201167,1610612742,DAL,Dallas,201580,JaVale McGee,JaVale,,,23:01,5,6,0.833,0,0,0,1,2,0.5,1,5,6,1,0,0,0,3,11,13
11,22201167,1610612742,DAL,Dallas,203200,Justin Holiday,Justin,,DNP - Coach's Decision,,,,,,,,,,,,,,,,,,,,
12,22201167,1610612742,DAL,Dallas,202693,Markieff Morris,Markieff,,DNP - Coach's Decision,,,,,,,,,,,,,,,,,,,,
13,22201167,1610612742,DAL,Dallas,1628373,Frank Ntilikina,Frank,,DNP - Coach's Decision,,,,,,,,,,,,,,,,,,,,
14,22201167,1610612742,DAL,Dallas,1629033,Theo Pinson,Theo,,DNP - Coach's Decision,,,,,,,,,,,,,,,,,,,,
15,22201167,1610612737,ATL,Atlanta,1630180,Saddiq Bey,Saddiq,F,,38:08:00,6,13,0.462,1,6,0.167,0,0,0,5,3,8,2,2,0,0,3,13,10
16,22201167,1610612737,ATL,Atlanta,1628381,John Collins,John,F,,33:37:00,5,10,0.5,4,6,0.667,4,8,0.5,3,7,10,1,2,0,0,2,18,6
17,22201167,1610612737,ATL,Atlanta,203991,Clint Capela,Clint,C,,32:19:00,6,9,0.667,0,0,0,2,2,1,1,10,11,1,2,0,1,4,14,0
18,22201167,1610612737,ATL,Atlanta,1627749,Dejounte Murray,Dejounte,G,,41:29:00,11,21,0.524,1,4,0.25,2,2,1,1,6,7,4,1,0,4,4,25,2
19,22201167,1610612737,ATL,Atlanta,1629027,Trae Young,Trae,G,,41:24:00,8,24,0.333,0,5,0,8,8,1,0,3,3,12,1,0,2,1,24,8
20,22201167,1610612737,ATL,Atlanta,203992,Bogdan Bogdanovic,Bogdan,,,25:15:00,6,14,0.429,4,10,0.4,0,0,0,1,1,2,2,0,0,0,0,16,-6
21,22201167,1610612737,ATL,Atlanta,1630168,Onyeka Okongwu,Onyeka,,,20:36,6,9,0.667,0,0,0,2,2,1,1,4,5,0,0,2,1,3,14,0
22,22201167,1610612737,ATL,Atlanta,1630552,Jalen Johnson,Jalen,,,19:07,2,5,0.4,1,1,1,0,0,0,2,2,4,5,2,1,0,4,5,-8
23,22201167,1610612737,ATL,Atlanta,1631100,AJ Griffin,AJ,,,13:05,1,3,0.333,1,3,0.333,0,0,0,2,1,3,1,0,0,1,1,3,-2
24,22201167,1610612737,ATL,Atlanta,1628981,Bruno Fernando,Bruno,,DNP - Coach's Decision,,,,,,,,,,,,,,,,,,,,
25,22201167,1610612737,ATL,Atlanta,1630235,Trent Forrest,Trent,,DNP - Coach's Decision,,,,,,,,,,,,,,,,,,,,
26,22201167,1610612737,ATL,Atlanta,1628988,Aaron Holiday,Aaron,,DNP - Coach's Decision,,,,,,,,,,,,,,,,,,,,
27,22201167,1610612737,ATL,Atlanta,1630249,Vit Krejci,Vit,,DNP - Coach's Decision,,,,,,,,,,,,,,,,,,,,
28,22201167,1610612737,ATL,Atlanta,1631213,Tyrese Martin,Tyrese,,DNP - Coach's Decision,,,,,,,,,,,,,,,,,,,,
29,22201167,1610612737,ATL,Atlanta,1629726,Garrison Mathews,Garrison,,DNP - Coach's Decision,,,,,,,,,,,,,,,,,,,,
0,22201175,1610612744,GSW,Golden State,1628978,Donte DiVincenzo,Donte,F,,31:34:00,8,12,0.667,1,4,0.25,1,1,1,5,8,13,4,2,0,3,3,18,12
1,22201175,1610612744,GSW,Golden State,203110,Draymond Green,Draymond,F,,36:34:00,2,7,0.286,0,1,0,0,0,0,4,5,9,7,1,0,4,5,4,1
2,22201175,1610612744,GSW,Golden State,1626172,Kevon Looney,Kevon,C,,27:04:00,2,6,0.333,0,0,0,2,2,1,7,7,14,1,1,1,1,2,6,3
3,22201175,1610612744,GSW,Golden State,202691,Klay Thompson,Klay,G,,39:06:00,9,28,0.321,5,16,0.313,2,2,1,1,4,5,4,1,0,1,3,25,0
4,22201175,1610612744,GSW,Golden State,201939,Stephen Curry,Stephen,G,,36:52:00,8,28,0.286,2,14,0.143,3,3,1,1,2,3,4,0,2,3,1,21,-5
5,22201175,1610612744,GSW,Golden State,1630228,Jonathan Kuminga,Jonathan,,,22:37,3,5,0.6,1,2,0.5,2,2,1,0,1,1,2,2,0,0,2,9,-1
6,22201175,1610612744,GSW,Golden State,1629673,Jordan Poole,Jordan,,,19:43,7,13,0.538,0,3,0,3,3,1,0,2,2,3,1,0,1,4,17,-6
7,22201175,1610612744,GSW,Golden State,1630237,Anthony Lamb,Anthony,,,15:10,2,4,0.5,0,2,0,4,4,1,3,5,8,0,1,1,2,1,8,-2
8,22201175,1610612744,GSW,Golden State,1627780,Gary Payton II,Gary,,,11:20,1,2,0.5,0,0,0,0,0,0,1,1,2,1,0,0,0,1,2,-12
9,22201175,1610612744,GSW,Golden State,1631116,Patrick Baldwin Jr.,Patrick,,DNP - Coach's Decision,,,,,,,,,,,,,,,,,,,,
10,22201175,1610612744,GSW,Golden State,203210,JaMychal Green,JaMychal,,DNP - Coach's Decision,,,,,,,,,,,,,,,,,,,,
11,22201175,1610612744,GSW,Golden State,1630541,Moses Moody,Moses,,DNP - Coach's Decision,,,,,,,,,,,,,,,,,,,,
12,22201175,1610612744,GSW,Golden State,1631311,Lester Quinones,Lester,,DNP - Coach's Decision,,,,,,,,,,,,,,,,,,,,
13,22201175,1610612743,DEN,Denver,1629008,Michael Porter Jr.,Michael,F,,33:39:00,10,17,0.588,4,8,0.5,5,6,0.833,3,8,11,0,0,0,1,1,29,4
14,22201175,1610612743,DEN,Denver,203932,Aaron Gordon,Aaron,F,,38:56:00,6,18,0.333,0,3,0,1,2,0.5,6,4,10,7,2,0,2,3,13,9
15,22201175,1610612743,DEN,Denver,201145,Jeff Green,Jeff,C,,26:11:00,4,8,0.5,1,5,0.2,1,1,1,0,4,4,3,0,1,0,1,10,1
16,22201175,1610612743,DEN,Denver,203484,Kentavious Caldwell-Pope,Kentavious,G,,20:59,1,6,0.167,0,3,0,1,1,1,0,4,4,0,3,0,3,2,3,-8
17,22201175,1610612743,DEN,Denver,1627750,Jamal Murray,Jamal,G,,41:30:00,10,21,0.476,3,8,0.375,3,3,1,1,2,3,8,2,2,3,2,26,8
18,22201175,1610612743,DEN,Denver,1628971,Bruce Brown,Bruce,,,31:43:00,5,11,0.455,0,1,0,4,5,0.8,3,1,4,3,2,1,1,4,14,0
19,22201175,1610612743,DEN,Denver,1631128,Christian Braun,Christian,,,16:04,3,10,0.3,0,3,0,0,0,0,1,4,5,1,2,0,0,1,6,7
20,22201175,1610612743,DEN,Denver,202704,Reggie Jackson,Reggie,,,7:08,1,2,0.5,1,1,1,0,0,0,0,1,1,0,0,0,1,1,3,-9
21,22201175,1610612743,DEN,Denver,1628427,Vlatko Cancar,Vlatko,,,3:24,0,1,0,0,1,0,0,0,0,0,0,0,2,0,0,0,0,0,-5
22,22201175,1610612743,DEN,Denver,1631212,Peyton Watson,Peyton,,,20:27,4,6,0.667,0,0,0,0,0,0,3,2,5,0,0,3,0,2,8,3
23,22201175,1610612743,DEN,Denver,1628418,Thomas Bryant,Thomas,,DNP - Coach's Decision,,,,,,,,,,,,,,,,,,,,
24,22201175,1610612743,DEN,Denver,201599,DeAndre Jordan,DeAndre,,DNP - Coach's Decision,,,,,,,,,,,,,,,,,,,,
25,22201175,1610612743,DEN,Denver,202397,Ish Smith,Ish,,DNP - Coach's Decision,,,,,,,,,,,,,,,,,,,,
26,22201175,1610612743,DEN,Denver,1631298,Jack White,Jack,,DNP - Coach's Decision,,,,,,,,,,,,,,,,,,,,
0,22201171,1610612747,LAL,Los Angeles,1629020,Jarred Vanderbilt,Jarred,F,,15:25,1,2,0.5,0,0,0,0,0,0,0,4,4,1,1,0,0,0,2,4
1,22201171,1610612747,LAL,Los Angeles,2544,LeBron James,LeBron,F,,29:21:00,8,18,0.444,1,7,0.143,1,1,1,2,8,10,11,0,1,1,1,18,23
2,22201171,1610612747,LAL,Los Angeles,203076,Anthony Davis,Anthony,C,,30:27:00,15,20,0.75,0,0,0,10,12,0.833,4,5,9,1,0,2,0,0,40,2
3,22201171,1610612747,LAL,Los Angeles,1630559,Austin Reaves,Austin,G,,32:44:00,4,7,0.571,1,2,0.5,9,10,0.9,0,1,1,8,0,0,2,2,18,15
4,22201171,1610612747,LAL,Los Angeles,1626156,D'Angelo Russell,D'Angelo,G,,14:40,2,4,0.5,2,4,0.5,0,1,0,0,3,3,4,0,0,0,0,6,2
5,22201171,1610612747,LAL,Los Angeles,1627736,Malik Beasley,Malik,,,23:10,5,14,0.357,3,11,0.273,0,0,0,0,1,1,0,0,0,0,1,13,16
6,22201171,1610612747,LAL,Los Angeles,1628972,Troy Brown Jr.,Troy,,,25:36:00,3,3,1,1,1,1,0,0,0,1,1,2,2,2,1,0,0,7,8
7,22201171,1610612747,LAL,Los Angeles,1629060,Rui Hachimura,Rui,,,24:57:00,10,14,0.714,0,1,0,0,2,0,2,10,12,1,0,3,1,2,20,22
8,22201171,1610612747,LAL,Los Angeles,203471,Dennis Schroder,Dennis,,,17:45,0,3,0,0,2,0,1,2,0.5,0,3,3,3,0,0,0,1,1,13
9,22201171,1610612747,LAL,Los Angeles,1629117,Wenyen Gabriel,Wenyen,,,14:21,1,3,0.333,0,1,0,0,0,0,2,1,3,0,0,1,1,1,2,14
10,22201171,1610612747,LAL,Los Angeles,1629022,Lonnie Walker IV,Lonnie,,,3:53,2,3,0.667,1,1,1,0,0,0,0,1,1,1,0,0,0,1,5,2
11,22201171,1610612747,LAL,Los Angeles,1628432,Davon Reed,Davon,,,3:53,1,1,1,0,0,0,0,0,0,0,1,1,2,1,0,0,0,2,2
12,22201171,1610612747,LAL,Los Angeles,1631108,Max Christie,Max,,,3:48,0,1,0,0,0,0,0,0,0,0,1,1,2,0,0,0,0,0,2
13,22201171,1610612745,HOU,Houston,1630231,Kenyon Martin Jr.,Kenyon,F,,28:19:00,5,8,0.625,1,2,0.5,0,0,0,3,2,5,1,0,0,1,1,11,-16
14,22201171,1610612745,HOU,Houston,1631095,Jabari Smith Jr.,Jabari,F,,33:05:00,6,12,0.5,2,4,0.5,0,0,0,1,5,6,1,0,1,0,4,14,-12
15,22201171,1610612745,HOU,Houston,1630578,Alperen Sengun,Alperen,C,,38:24:00,9,17,0.529,0,1,0,0,2,0,5,10,15,5,2,3,2,3,18,-5
16,22201171,1610612745,HOU,Houston,1630224,Jalen Green,Jalen,G,,40:19:00,7,21,0.333,2,7,0.286,8,8,1,1,2,3,7,0,0,2,3,24,-17
17,22201171,1610612745,HOU,Houston,1629645,Kevin Porter Jr.,Kevin,G,,36:32:00,7,16,0.438,6,10,0.6,0,0,0,0,3,3,2,1,0,2,2,20,-17
18,22201171,1610612745,HOU,Houston,1631106,Tari Eason,Tari,,,25:01:00,4,14,0.286,1,5,0.2,0,0,0,5,3,8,2,1,0,0,2,9,-23
19,22201171,1610612745,HOU,Houston,1630586,Usman Garuba,Usman,,,2:31,0,0,0,0,0,0,0,0,0,0,0,0,0,0,0,0,0,0,-6
20,22201171,1610612745,HOU,Houston,1630528,Josh Christopher,Josh,,,16:35,4,8,0.5,1,2,0.5,0,0,0,0,1,1,2,0,0,0,2,9,-17
21,22201171,1610612745,HOU,Houston,1630227,Daishen Nix,Daishen,,,11:28,0,4,0,0,3,0,0,0,0,0,1,1,2,0,0,0,1,0,-8
22,22201171,1610612745,HOU,Houston,1626163,Frank Kaminsky,Frank,,,3:53,1,1,1,0,0,0,0,0,0,1,0,1,1,0,0,0,0,2,-2
23,22201171,1610612745,HOU,Houston,1626246,Boban Marjanovic,Boban,,,3:53,1,1,1,0,0,0,0,0,0,0,1,1,0,0,0,1,0,2,-2
24,22201171,1610612745,HOU,Houston,201571,D.J. Augustin,D.J.,,DNP - Coach's Decision,,,,,,,,,,,,,,,,,,,,
0,22201165,1610612763,MEM,Memphis,1628415,Dillon Brooks,Dillon,F,,32:13:00,5,15,0.333,4,11,0.364,0,0,0,0,4,4,4,1,0,3,1,14,-26
1,22201165,1610612763,MEM,Memphis,1628991,Jaren Jackson Jr.,Jaren,F,,29:38:00,11,20,0.55,5,8,0.625,4,4,1,3,5,8,1,0,1,1,5,31,-7
2,22201165,1610612763,MEM,Memphis,1630214,Xavier Tillman,Xavier,C,,29:59:00,2,2,1,0,0,0,2,4,0.5,2,6,8,1,0,0,2,4,6,-20
3,22201165,1610612763,MEM,Memphis,1630217,Desmond Bane,Desmond,G,,33:10:00,8,12,0.667,2,3,0.667,3,3,1,0,5,5,4,0,1,4,4,21,-11
4,22201165,1610612763,MEM,Memphis,1629630,Ja Morant,Ja,G,,34:06:00,7,16,0.438,2,5,0.4,1,1,1,1,9,10,10,0,0,5,1,17,-20
5,22201165,1610612763,MEM,Memphis,1630583,Santi Aldama,Santi,,,16:52,1,3,0.333,1,2,0.5,0,0,0,0,3,3,1,0,0,0,2,3,-6
6,22201165,1610612763,MEM,Memphis,1631223,David Roddy,David,,,11:46,1,3,0.333,1,2,0.5,0,0,0,1,2,3,2,0,1,1,2,3,-9
7,22201165,1610612763,MEM,Memphis,1628379,Luke Kennard,Luke,,,27:45:00,2,7,0.286,2,7,0.286,0,0,0,1,2,3,2,0,0,0,2,6,-5
8,22201165,1610612763,MEM,Memphis,1626145,Tyus Jones,Tyus,,,17:08,2,5,0.4,2,4,0.5,0,0,0,0,1,1,4,0,0,0,0,6,-1
9,22201165,1610612763,MEM,Memphis,1629723,John Konchar,John,,,1:29,0,0,0,0,0,0,0,0,0,0,1,1,0,0,0,0,0,0,0
10,22201165,1610612763,MEM,Memphis,1631113,Kennedy Chandler,Kennedy,,,1:29,0,0,0,0,0,0,0,0,0,0,0,0,0,0,0,0,0,0,0
11,22201165,1610612763,MEM,Memphis,1631246,Vince Williams Jr.,Vince,,,1:29,0,1,0,0,1,0,0,0,0,0,0,0,0,0,0,0,0,0,0
12,22201165,1610612763,MEM,Memphis,1631254,Kenneth Lofton Jr.,Kenneth,,,1:29,0,0,0,0,0,0,0,0,0,0,1,1,0,0,0,2,1,0,0
13,22201165,1610612763,MEM,Memphis,1631222,Jake LaRavia,Jake,,,1:29,0,0,0,0,0,0,0,0,0,0,0,0,0,0,0,0,0,0,0
14,22201165,1610612741,CHI,Chicago,201942,DeMar DeRozan,DeMar,F,,33:54:00,11,26,0.423,0,4,0,9,9,1,1,4,5,7,1,0,0,3,31,17
15,22201165,1610612741,CHI,Chicago,1627936,Alex Caruso,Alex,F,,24:06:00,2,3,0.667,1,2,0.5,0,0,0,0,1,1,2,3,2,0,2,5,20
16,22201165,1610612741,CHI,Chicago,202696,Nikola Vucevic,Nikola,C,,32:08:00,6,10,0.6,1,2,0.5,0,1,0,0,10,10,2,1,1,0,0,13,15
17,22201165,1610612741,CHI,Chicago,203897,Zach LaVine,Zach,G,,34:42:00,13,19,0.684,3,8,0.375,7,8,0.875,0,3,3,9,1,0,0,2,36,25
18,22201165,1610612741,CHI,Chicago,201976,Patrick Beverley,Patrick,G,,23:11,1,5,0.2,0,3,0,0,0,0,1,1,2,3,0,0,1,2,2,-1
19,22201165,1610612741,CHI,Chicago,1630172,Patrick Williams,Patrick,,,26:07:00,5,10,0.5,2,5,0.4,0,0,0,1,2,3,1,1,3,0,2,12,-2
20,22201165,1610612741,CHI,Chicago,1629632,Coby White,Coby,,,30:32:00,8,13,0.615,2,5,0.4,1,1,1,0,6,6,4,1,0,0,1,19,18
21,22201165,1610612741,CHI,Chicago,203083,Andre Drummond,Andre,,,6:40,1,2,0.5,0,0,0,0,0,0,0,3,3,0,0,0,0,0,2,-9
22,22201165,1610612741,CHI,Chicago,1630245,Ayo Dosunmu,Ayo,,,0.75,2,4,0.5,0,1,0,0,0,0,1,2,3,1,0,0,0,1,4,7
23,22201165,1610612741,CHI,Chicago,1627884,Derrick Jones Jr.,Derrick,,,9:13,1,1,1,0,0,0,2,3,0.667,0,0,0,0,1,0,0,0,4,15
24,22201165,1610612741,CHI,Chicago,1631207,Dalen Terry,Dalen,,,1:29,0,1,0,0,1,0,0,0,0,0,0,0,0,0,0,0,0,0,0
25,22201165,1610612741,CHI,Chicago,1629750,Javonte Green,Javonte,,DNP - Coach's Decision,,,,,,,,,,,,,,,,,,,,
26,22201165,1610612741,CHI,Chicago,1630637,Carlik Jones,Carlik,,DNP - Coach's Decision,,,,,,,,,,,,,,,,,,,,
27,22201165,1610612741,CHI,Chicago,1630250,Marko Simonovic,Marko,,DNP - Coach's Decision,,,,,,,,,,,,,,,,,,,,
28,22201165,1610612741,CHI,Chicago,1630678,Terry Taylor,Terry,,DNP - Coach's Decision,,,,,,,,,,,,,,,,,,,,
0,22201166,1610612757,POR,Portland,1629680,Matisse Thybulle,Matisse,F,,30:11:00,1,6,0.167,0,2,0,0,0,0,1,3,4,0,3,0,0,5,2,-5
1,22201166,1610612757,POR,Portland,1630570,Trendon Watford,Trendon,F,,18:53,6,8,0.75,0,2,0,3,5,0.6,0,3,3,2,0,0,1,1,15,2
2,22201166,1610612757,POR,Portland,1629234,Drew Eubanks,Drew,C,,28:36:00,5,11,0.455,1,2,0.5,1,2,0.5,1,4,5,2,2,3,2,2,12,-3
3,22201166,1610612757,POR,Portland,1631101,Shaedon Sharpe,Shaedon,G,,34:36:00,9,19,0.474,2,7,0.286,7,9,0.778,1,5,6,6,0,0,1,3,27,-3
4,22201166,1610612757,POR,Portland,1630219,Skylar Mays,Skylar,G,,30:10:00,6,9,0.667,1,2,0.5,0,0,0,0,3,3,9,0,0,2,4,13,0
5,22201166,1610612757,POR,Portland,1627885,Shaquille Harrison,Shaquille,,,17:50,1,3,0.333,0,1,0,0,1,0,0,4,4,6,3,0,2,2,2,2
6,22201166,1610612757,POR,Portland,1628995,Kevin Knox II,Kevin,,,29:07:00,8,15,0.533,2,6,0.333,1,3,0.333,1,3,4,1,3,0,1,1,19,0
7,22201166,1610612757,POR,Portland,1631219,John Butler Jr.,John,,,17:49,2,5,0.4,1,3,0.333,0,0,0,1,0,1,0,0,0,0,1,5,7
8,22201166,1610612757,POR,Portland,1631133,Jabari Walker,Jabari,,,19:24,2,11,0.182,1,4,0.25,0,0,0,2,5,7,3,1,0,0,4,5,5
9,22201166,1610612757,POR,Portland,1631466,Jeenathan Williams,Jeenathan,,,13:24,3,6,0.5,1,1,1,0,0,0,4,1,5,0,0,0,1,3,7,5
10,22201166,1610612757,POR,Portland,1629629,Cam Reddish,Cam,,DND - Injury/Illness,,,,,,,,,,,,,,,,,,,,
11,22201166,1610612750,MIN,Minnesota,1630183,Jaden McDaniels,Jaden,F,,35:40:00,4,7,0.571,2,4,0.5,0,0,0,0,3,3,1,2,4,4,1,10,-3
12,22201166,1610612750,MIN,Minnesota,1626157,Karl-Anthony Towns,Karl-Anthony,F,,25:04:00,1,3,0.333,1,1,1,5,8,0.625,2,7,9,3,0,0,3,5,8,2
13,22201166,1610612750,MIN,Minnesota,203497,Rudy Gobert,Rudy,C,,35:20:00,5,10,0.5,0,0,0,0,0,0,4,11,15,3,0,0,1,3,10,-6
14,22201166,1610612750,MIN,Minnesota,1630162,Anthony Edwards,Anthony,G,,37:36:00,15,30,0.5,3,8,0.375,4,5,0.8,0,5,5,6,1,0,4,1,37,-1
15,22201166,1610612750,MIN,Minnesota,201144,Mike Conley,Mike,G,,35:27:00,2,8,0.25,2,6,0.333,5,5,1,1,3,4,6,0,0,1,2,11,-3
16,22201166,1610612750,MIN,Minnesota,203937,Kyle Anderson,Kyle,,,33:24:00,6,9,0.667,1,2,0.5,0,0,0,0,8,8,7,0,1,1,3,13,0
17,22201166,1610612750,MIN,Minnesota,1627752,Taurean Prince,Taurean,,,19:02,2,8,0.25,0,3,0,2,2,1,0,2,2,0,0,0,2,0,6,-4
18,22201166,1610612750,MIN,Minnesota,1629162,Jordan McLaughlin,Jordan,,,10:44,1,1,1,1,1,1,0,0,0,0,0,0,2,0,0,1,1,3,4
19,22201166,1610612750,MIN,Minnesota,1629638,Nickeil Alexander-Walker,Nickeil,,,5:32,2,3,0.667,1,1,1,2,3,0.667,0,1,1,1,0,0,0,0,7,1
20,22201166,1610612750,MIN,Minnesota,1630568,Luka Garza,Luka,,,2:12,0,0,0,0,0,0,0,0,0,0,0,0,0,0,0,1,1,0,0
21,22201166,1610612750,MIN,Minnesota,1630233,Nathan Knight,Nathan,,DNP - Coach's Decision,,,,,,,,,,,,,,,,,,,,
22,22201166,1610612750,MIN,Minnesota,1631169,Josh Minott,Josh,,DNP - Coach's Decision,,,,,,,,,,,,,,,,,,,,
23,22201166,1610612750,MIN,Minnesota,1631111,Wendell Moore Jr.,Wendell,,DNP - Coach's Decision,,,,,,,,,,,,,,,,,,,,
24,22201166,1610612750,MIN,Minnesota,1630346,Matt Ryan,Matt,,DNP - Coach's Decision,,,,,,,,,,,,,,,,,,,,
0,22201171,1610612747,LAL,Los Angeles,1629020,Jarred Vanderbilt,Jarred,F,,15:25,1,2,0.5,0,0,0,0,0,0,0,4,4,1,1,0,0,0,2,4
1,22201171,1610612747,LAL,Los Angeles,2544,LeBron James,LeBron,F,,29:21:00,8,18,0.444,1,7,0.143,1,1,1,2,8,10,11,0,1,1,1,18,23
2,22201171,1610612747,LAL,Los Angeles,203076,Anthony Davis,Anthony,C,,30:27:00,15,20,0.75,0,0,0,10,12,0.833,4,5,9,1,0,2,0,0,40,2
3,22201171,1610612747,LAL,Los Angeles,1630559,Austin Reaves,Austin,G,,32:44:00,4,7,0.571,1,2,0.5,9,10,0.9,0,1,1,8,0,0,2,2,18,15
4,22201171,1610612747,LAL,Los Angeles,1626156,D'Angelo Russell,D'Angelo,G,,14:40,2,4,0.5,2,4,0.5,0,1,0,0,3,3,4,0,0,0,0,6,2
5,22201171,1610612747,LAL,Los Angeles,1627736,Malik Beasley,Malik,,,23:10,5,14,0.357,3,11,0.273,0,0,0,0,1,1,0,0,0,0,1,13,16
6,22201171,1610612747,LAL,Los Angeles,1628972,Troy Brown Jr.,Troy,,,25:36:00,3,3,1,1,1,1,0,0,0,1,1,2,2,2,1,0,0,7,8
7,22201171,1610612747,LAL,Los Angeles,1629060,Rui Hachimura,Rui,,,24:57:00,10,14,0.714,0,1,0,0,2,0,2,10,12,1,0,3,1,2,20,22
8,22201171,1610612747,LAL,Los Angeles,203471,Dennis Schroder,Dennis,,,17:45,0,3,0,0,2,0,1,2,0.5,0,3,3,3,0,0,0,1,1,13
9,22201171,1610612747,LAL,Los Angeles,1629117,Wenyen Gabriel,Wenyen,,,14:21,1,3,0.333,0,1,0,0,0,0,2,1,3,0,0,1,1,1,2,14
10,22201171,1610612747,LAL,Los Angeles,1629022,Lonnie Walker IV,Lonnie,,,3:53,2,3,0.667,1,1,1,0,0,0,0,1,1,1,0,0,0,1,5,2
11,22201171,1610612747,LAL,Los Angeles,1628432,Davon Reed,Davon,,,3:53,1,1,1,0,0,0,0,0,0,0,1,1,2,1,0,0,0,2,2
12,22201171,1610612747,LAL,Los Angeles,1631108,Max Christie,Max,,,3:48,0,1,0,0,0,0,0,0,0,0,1,1,2,0,0,0,0,0,2
13,22201171,1610612745,HOU,Houston,1630231,Kenyon Martin Jr.,Kenyon,F,,28:19:00,5,8,0.625,1,2,0.5,0,0,0,3,2,5,1,0,0,1,1,11,-16
14,22201171,1610612745,HOU,Houston,1631095,Jabari Smith Jr.,Jabari,F,,33:05:00,6,12,0.5,2,4,0.5,0,0,0,1,5,6,1,0,1,0,4,14,-12
15,22201171,1610612745,HOU,Houston,1630578,Alperen Sengun,Alperen,C,,38:24:00,9,17,0.529,0,1,0,0,2,0,5,10,15,5,2,3,2,3,18,-5
16,22201171,1610612745,HOU,Houston,1630224,Jalen Green,Jalen,G,,40:19:00,7,21,0.333,2,7,0.286,8,8,1,1,2,3,7,0,0,2,3,24,-17
17,22201171,1610612745,HOU,Houston,1629645,Kevin Porter Jr.,Kevin,G,,36:32:00,7,16,0.438,6,10,0.6,0,0,0,0,3,3,2,1,0,2,2,20,-17
18,22201171,1610612745,HOU,Houston,1631106,Tari Eason,Tari,,,25:01:00,4,14,0.286,1,5,0.2,0,0,0,5,3,8,2,1,0,0,2,9,-23
19,22201171,1610612745,HOU,Houston,1630586,Usman Garuba,Usman,,,2:31,0,0,0,0,0,0,0,0,0,0,0,0,0,0,0,0,0,0,-6
20,22201171,1610612745,HOU,Houston,1630528,Josh Christopher,Josh,,,16:35,4,8,0.5,1,2,0.5,0,0,0,0,1,1,2,0,0,0,2,9,-17
21,22201171,1610612745,HOU,Houston,1630227,Daishen Nix,Daishen,,,11:28,0,4,0,0,3,0,0,0,0,0,1,1,2,0,0,0,1,0,-8
22,22201171,1610612745,HOU,Houston,1626163,Frank Kaminsky,Frank,,,3:53,1,1,1,0,0,0,0,0,0,1,0,1,1,0,0,0,0,2,-2
23,22201171,1610612745,HOU,Houston,1626246,Boban Marjanovic,Boban,,,3:53,1,1,1,0,0,0,0,0,0,0,1,1,0,0,0,1,0,2,-2
24,22201171,1610612745,HOU,Houston,201571,D.J. Augustin,D.J.,,DNP - Coach's Decision,,,,,,,,,,,,,,,,,,,,
0,22201170,1610612759,SAS,San Antonio,1631103,Malaki Branham,Malaki,F,,30:47:00,7,12,0.583,1,5,0.2,0,0,0,0,2,2,5,1,0,2,3,15,9
1,22201170,1610612759,SAS,San Antonio,1628966,Keita Bates-Diop,Keita,F,,32:00:00,4,5,0.8,1,1,1,4,4,1,1,4,5,2,0,0,0,2,13,13
2,22201170,1610612759,SAS,San Antonio,1628380,Zach Collins,Zach,C,,23:09,6,13,0.462,2,4,0.5,2,2,1,0,6,6,3,0,1,3,6,16,0
3,22201170,1610612759,SAS,San Antonio,1628984,Devonte' Graham,Devonte',G,,18:35,1,6,0.167,1,6,0.167,0,2,0,0,2,2,1,1,0,0,0,3,1
4,22201170,1610612759,SAS,San Antonio,1630200,Tre Jones,Tre,G,,33:15:00,7,11,0.636,0,0,0,3,3,1,2,8,10,11,1,0,1,1,17,24
5,22201170,1610612759,SAS,San Antonio,1630572,Sandro Mamukelashvili,Sandro,,,16:43,2,5,0.4,0,1,0,2,2,1,3,2,5,1,1,0,2,0,6,-8
6,22201170,1610612759,SAS,San Antonio,1630577,Julian Champagnie,Julian,,,28:13:00,9,14,0.643,4,7,0.571,4,5,0.8,0,6,6,0,1,0,2,2,26,16
7,22201170,1610612759,SAS,San Antonio,1631230,Dominick Barlow,Dominick,,,29:51:00,5,8,0.625,0,0,0,2,2,1,5,5,10,5,1,2,1,3,12,8
8,22201170,1610612759,SAS,San Antonio,1629641,Romeo Langford,Romeo,,,7:48,0,2,0,0,1,0,0,0,0,0,0,0,0,1,0,2,1,0,-5
9,22201170,1610612759,SAS,San Antonio,1631104,Blake Wesley,Blake,,,16:23,2,7,0.286,0,1,0,0,0,0,1,3,4,2,1,0,4,2,4,-15
10,22201170,1610612759,SAS,San Antonio,203926,Doug McDermott,Doug,,,28:16:00,9,15,0.6,4,8,0.5,8,9,0.889,2,0,2,1,0,0,0,5,30,-3
11,22201170,1610612759,SAS,San Antonio,203476,Gorgui Dieng,Gorgui,,DNP - Coach's Decision,,,,,,,,,,,,,,,,,,,,
12,22201170,1610612758,SAC,Sacramento,203084,Harrison Barnes,Harrison,F,,37:28:00,5,12,0.417,1,3,0.333,4,6,0.667,2,2,4,1,2,0,3,1,15,-4
13,22201170,1610612758,SAC,Sacramento,1631099,Keegan Murray,Keegan,F,,35:14:00,7,10,0.7,2,4,0.5,2,2,1,2,2,4,1,1,0,1,3,18,-21
14,22201170,1610612758,SAC,Sacramento,1627734,Domantas Sabonis,Domantas,C,,39:20:00,9,12,0.75,1,1,1,7,12,0.583,2,6,8,6,1,1,3,4,26,-18
15,22201170,1610612758,SAC,Sacramento,1628989,Kevin Huerter,Kevin,G,,35:41:00,5,17,0.294,2,12,0.167,1,1,1,0,4,4,3,0,0,1,1,13,-17
16,22201170,1610612758,SAC,Sacramento,1628368,De'Aaron Fox,De'Aaron,G,,37:49:00,10,23,0.435,0,8,0,8,8,1,0,4,4,4,0,0,1,2,28,-3
17,22201170,1610612758,SAC,Sacramento,1630558,Davion Mitchell,Davion,,,15:29,2,3,0.667,0,1,0,0,0,0,0,0,0,4,0,0,0,0,4,-9
18,22201170,1610612758,SAC,Sacramento,1630556,Kessler Edwards,Kessler,,,22:11,2,7,0.286,1,5,0.2,1,1,1,2,4,6,1,2,0,0,5,6,-1
19,22201170,1610612758,SAC,Sacramento,1626168,Trey Lyles,Trey,,,11:31,1,3,0.333,1,2,0.5,0,0,0,0,3,3,1,1,2,1,2,3,6
20,22201170,1610612758,SAC,Sacramento,1629056,Terence Davis,Terence,,,16:46,5,11,0.455,3,8,0.375,2,2,1,1,2,3,1,1,0,2,3,15,15
21,22201170,1610612758,SAC,Sacramento,203458,Alex Len,Alex,,,13:24,3,5,0.6,0,0,0,0,0,0,4,3,7,2,1,2,3,2,6,12
22,22201170,1610612758,SAC,Sacramento,1628408,PJ Dozier,PJ,,,0:07,0,0,0,0,0,0,0,0,0,0,0,0,0,0,0,0,0,0,0
23,22201170,1610612758,SAC,Sacramento,1631165,Keon Ellis,Keon,,DNP - Coach's Decision,,,,,,,,,,,,,,,,,,,,
24,22201170,1610612758,SAC,Sacramento,1626158,Richaun Holmes,Richaun,,DNP - Coach's Decision,,,,,,,,,,,,,,,,,,,,
25,22201170,1610612758,SAC,Sacramento,1629002,Chimezie Metu,Chimezie,,DNP - Coach's Decision,,,,,,,,,,,,,,,,,,,,
26,22201170,1610612758,SAC,Sacramento,1628370,Malik Monk,Malik,,DNP - Coach's Decision,,,,,,,,,,,,,,,,,,,,
0,22201169,1610612765,DET,Detroit,1630587,Isaiah Livers,Isaiah,F,,30:37:00,3,7,0.429,2,5,0.4,2,2,1,2,4,6,1,0,1,2,4,10,-11
1,22201169,1610612765,DET,Detroit,1628963,Marvin Bagley III,Marvin,F,,8:38,0,4,0,0,1,0,2,2,1,0,1,1,0,0,0,0,1,2,-4
2,22201169,1610612765,DET,Detroit,1630164,James Wiseman,James,C,,22:32,4,8,0.5,0,0,0,4,4,1,1,9,10,1,0,0,0,3,12,-22
3,22201169,1610612765,DET,Detroit,1631093,Jaden Ivey,Jaden,G,,30:51:00,4,14,0.286,2,7,0.286,4,4,1,1,2,3,6,1,0,4,5,14,-11
4,22201169,1610612765,DET,Detroit,1630165,Killian Hayes,Killian,G,,33:47:00,6,12,0.5,0,3,0,8,8,1,0,2,2,7,0,0,5,4,20,-19
5,22201169,1610612765,DET,Detroit,1631105,Jalen Duren,Jalen,,,21:56,3,6,0.5,0,0,0,1,2,0.5,5,2,7,0,1,0,1,3,7,-4
6,22201169,1610612765,DET,Detroit,1630647,Eugene Omoruyi,Eugene,,,27:39:00,6,17,0.353,3,11,0.273,4,7,0.571,0,2,2,2,2,0,2,2,19,-5
7,22201169,1610612765,DET,Detroit,1630181,R.J. Hampton,R.J.,,,21:25,2,4,0.5,0,2,0,0,2,0,0,2,2,0,0,0,1,3,4,-16
8,22201169,1610612765,DET,Detroit,202709,Cory Joseph,Cory,,,20:45,2,4,0.5,2,4,0.5,2,3,0.667,0,2,2,5,0,0,0,2,8,-19
9,22201169,1610612765,DET,Detroit,1631197,Jared Rhoden,Jared,,,16:37,1,1,1,0,0,0,2,2,1,0,2,2,0,0,0,1,1,4,-14
10,22201169,1610612765,DET,Detroit,1631205,Buddy Boeheim,Buddy,,,5:13,1,1,1,0,0,0,0,0,0,0,1,1,0,0,0,0,1,2,-5
11,22201169,1610612765,DET,Detroit,203585,Rodney McGruder,Rodney,,DNP - Injury/Illness,,,,,,,,,,,,,,,,,,,,
12,22201169,1610612753,ORL,Orlando,1630532,Franz Wagner,Franz,F,,31:20:00,5,11,0.455,1,3,0.333,5,6,0.833,0,5,5,8,3,0,1,1,16,33
13,22201169,1610612753,ORL,Orlando,1631094,Paolo Banchero,Paolo,F,,29:18:00,4,9,0.444,2,4,0.5,4,11,0.364,1,8,9,3,0,0,4,1,14,9
14,22201169,1610612753,ORL,Orlando,1628976,Wendell Carter Jr.,Wendell,C,,23:19,4,8,0.5,3,5,0.6,3,4,0.75,2,7,9,1,3,1,1,3,14,14
15,22201169,1610612753,ORL,Orlando,203914,Gary Harris,Gary,G,,18:32,3,4,0.75,2,3,0.667,0,0,0,1,2,3,0,0,0,0,3,8,3
16,22201169,1610612753,ORL,Orlando,1628365,Markelle Fultz,Markelle,G,,24:09:00,5,8,0.625,1,1,1,0,2,0,0,2,2,6,1,2,4,1,11,10
17,22201169,1610612753,ORL,Orlando,1630175,Cole Anthony,Cole,,,27:44:00,6,11,0.545,2,5,0.4,3,4,0.75,2,4,6,3,0,0,1,4,17,6
18,22201169,1610612753,ORL,Orlando,1630591,Jalen Suggs,Jalen,,,25:31:00,5,9,0.556,4,6,0.667,4,5,0.8,0,2,2,2,4,1,2,5,18,20
19,22201169,1610612753,ORL,Orlando,1629048,Goga Bitadze,Goga,,,17:51,5,6,0.833,0,1,0,3,4,0.75,1,2,3,3,0,1,0,6,13,8
20,22201169,1610612753,ORL,Orlando,1629021,Moritz Wagner,Moritz,,,17:37,4,4,1,1,1,1,2,2,1,0,0,0,1,0,1,1,1,11,15
21,22201169,1610612753,ORL,Orlando,1629643,Chuma Okeke,Chuma,,,11:26,1,2,0.5,1,2,0.5,0,0,0,0,1,1,0,0,0,0,0,3,-1
22,22201169,1610612753,ORL,Orlando,1631216,Caleb Houstan,Caleb,,,5:39,0,1,0,0,1,0,0,0,0,0,0,0,2,0,0,0,0,0,6
23,22201169,1610612753,ORL,Orlando,1629678,Admiral Schofield,Admiral,,,3:15,0,1,0,0,1,0,0,0,0,0,0,0,1,0,0,0,0,0,5
24,22201169,1610612753,ORL,Orlando,1630206,Jay Scrubb,Jay,,,2:32,1,1,1,0,0,0,0,0,0,0,1,1,0,0,0,0,1,2,2
25,22201169,1610612753,ORL,Orlando,203487,Michael Carter-Williams,Michael,,,1:47,0,0,0,0,0,0,1,2,0.5,0,0,0,0,0,0,0,0,1,0
26,22201169,1610612753,ORL,Orlando,1629626,Bol Bol,Bol,,DNP - Coach's Decision,,,,,,,,,,,,,,,,,,,,
0,22201172,1610612756,PHX,Phoenix,1629006,Josh Okogie,Josh,F,,26:27:00,1,2,0.5,0,1,0,2,4,0.5,0,3,3,2,0,1,1,3,4,2
1,22201172,1610612756,PHX,Phoenix,201142,Kevin Durant,Kevin,F,,34:48:00,13,21,0.619,3,7,0.429,6,6,1,0,5,5,5,0,2,2,1,35,5
2,22201172,1610612756,PHX,Phoenix,1629028,Deandre Ayton,Deandre,C,,30:40:00,8,12,0.667,0,0,0,3,4,0.75,2,9,11,0,0,0,1,1,19,1
3,22201172,1610612756,PHX,Phoenix,1626164,Devin Booker,Devin,G,,36:57:00,8,14,0.571,1,5,0.2,5,5,1,1,4,5,10,1,0,5,4,22,5
4,22201172,1610612756,PHX,Phoenix,101108,Chris Paul,Chris,G,,32:12:00,5,9,0.556,2,5,0.4,4,5,0.8,0,3,3,8,1,0,3,5,16,5
5,22201172,1610612756,PHX,Phoenix,1628470,Torrey Craig,Torrey,,,12:18,3,5,0.6,1,2,0.5,1,1,1,0,1,1,1,1,1,0,5,8,6
6,22201172,1610612756,PHX,Phoenix,1626166,Cameron Payne,Cameron,,,8:49,2,4,0.5,1,2,0.5,0,0,0,0,0,0,3,0,0,1,5,5,5
7,22201172,1610612756,PHX,Phoenix,203933,T.J. Warren,T.J.,,,11:07,2,5,0.4,2,4,0.5,0,0,0,0,1,1,1,0,0,0,2,6,3
8,22201172,1610612756,PHX,Phoenix,202687,Bismack Biyombo,Bismack,,,15:12,1,1,1,0,0,0,1,1,1,0,6,6,0,0,1,0,2,3,9
9,22201172,1610612756,PHX,Phoenix,203082,Terrence Ross,Terrence,,,11:19,0,2,0,0,2,0,0,0,0,2,0,2,1,0,0,0,1,0,5
10,22201172,1610612756,PHX,Phoenix,1629013,Landry Shamet,Landry,,,12:24,2,5,0.4,2,5,0.4,1,2,0.5,0,0,0,0,0,0,0,1,7,5
11,22201172,1610612756,PHX,Phoenix,1630688,Ish Wainright,Ish,,,7:47,1,1,1,1,1,1,0,0,0,0,1,1,0,1,1,0,0,3,-1
12,22201172,1610612756,PHX,Phoenix,1629647,Darius Bazley,Darius,,DNP - Coach's Decision,,,,,,,,,,,,,,,,,,,,
13,22201172,1610612756,PHX,Phoenix,1629111,Jock Landale,Jock,,DNP - Coach's Decision,,,,,,,,,,,,,,,,,,,,
14,22201172,1610612756,PHX,Phoenix,1627814,Damion Lee,Damion,,DNP - Coach's Decision,,,,,,,,,,,,,,,,,,,,
15,22201172,1610612760,OKC,Oklahoma City,1629652,Luguentz Dort,Luguentz,F,,39:15:00,4,14,0.286,2,7,0.286,4,6,0.667,5,3,8,2,0,0,0,4,14,1
16,22201172,1610612760,OKC,Oklahoma City,1631114,Jalen Williams,Jalen,F,,34:43:00,5,12,0.417,1,3,0.333,1,1,1,2,1,3,2,3,0,3,3,12,-4
17,22201172,1610612760,OKC,Oklahoma City,1631119,Jaylin Williams,Jaylin,C,,20:11,2,3,0.667,1,2,0.5,2,2,1,2,6,8,2,1,0,1,2,7,-5
18,22201172,1610612760,OKC,Oklahoma City,1630581,Josh Giddey,Josh,G,,34:57:00,5,16,0.313,2,7,0.286,4,6,0.667,1,8,9,8,0,0,1,3,16,-12
19,22201172,1610612760,OKC,Oklahoma City,1628983,Shai Gilgeous-Alexander,Shai,G,,37:32:00,11,22,0.5,0,0,0,17,17,1,0,3,3,5,2,0,1,4,39,-6
20,22201172,1610612760,OKC,Oklahoma City,1630598,Aaron Wiggins,Aaron,,,22:04,5,8,0.625,2,3,0.667,2,2,1,0,1,1,0,0,0,0,2,14,-8
21,22201172,1610612760,OKC,Oklahoma City,1630198,Isaiah Joe,Isaiah,,,21:38,2,6,0.333,1,3,0.333,2,3,0.667,0,1,1,1,0,0,1,1,7,-7
22,22201172,1610612760,OKC,Oklahoma City,203967,Dario Saric,Dario,,,14:09,2,3,0.667,2,3,0.667,2,2,1,2,0,2,1,0,0,1,2,8,-4
23,22201172,1610612760,OKC,Oklahoma City,1631172,Ousmane Dieng,Ousmane,,,5:04,0,1,0,0,1,0,0,0,0,0,0,0,0,0,0,0,1,0,-8
24,22201172,1610612760,OKC,Oklahoma City,1630322,Lindy Waters III,Lindy,,,10:27,0,3,0,0,3,0,1,2,0.5,1,5,6,0,1,0,0,1,1,3
25,22201172,1610612760,OKC,Oklahoma City,1630544,Tre Mann,Tre,,DNP - Coach's Decision,,,,,,,,,,,,,,,,,,,,
26,22201172,1610612760,OKC,Oklahoma City,1630197,Aleksej Pokusevski,Aleksej,,DNP - Coach's Decision,,,,,,,,,,,,,,,,,,,,
27,22201172,1610612760,OKC,Oklahoma City,1630526,Jeremiah Robinson-Earl,Jeremiah,,DNP - Coach's Decision,,,,,,,,,,,,,,,,,,,,
28,22201172,1610612760,OKC,Oklahoma City,1630846,Olivier Sarr,Olivier,,DNP - Coach's Decision,,,,,,,,,,,,,,,,,,,,
0,22201166,1610612757,POR,Portland,1629680,Matisse Thybulle,Matisse,F,,30:11:00,1,6,0.167,0,2,0,0,0,0,1,3,4,0,3,0,0,5,2,-5
1,22201166,1610612757,POR,Portland,1630570,Trendon Watford,Trendon,F,,18:53,6,8,0.75,0,2,0,3,5,0.6,0,3,3,2,0,0,1,1,15,2
2,22201166,1610612757,POR,Portland,1629234,Drew Eubanks,Drew,C,,28:36:00,5,11,0.455,1,2,0.5,1,2,0.5,1,4,5,2,2,3,2,2,12,-3
3,22201166,1610612757,POR,Portland,1631101,Shaedon Sharpe,Shaedon,G,,34:36:00,9,19,0.474,2,7,0.286,7,9,0.778,1,5,6,6,0,0,1,3,27,-3
4,22201166,1610612757,POR,Portland,1630219,Skylar Mays,Skylar,G,,30:10:00,6,9,0.667,1,2,0.5,0,0,0,0,3,3,9,0,0,2,4,13,0
5,22201166,1610612757,POR,Portland,1627885,Shaquille Harrison,Shaquille,,,17:50,1,3,0.333,0,1,0,0,1,0,0,4,4,6,3,0,2,2,2,2
6,22201166,1610612757,POR,Portland,1628995,Kevin Knox II,Kevin,,,29:07:00,8,15,0.533,2,6,0.333,1,3,0.333,1,3,4,1,3,0,1,1,19,0
7,22201166,1610612757,POR,Portland,1631219,John Butler Jr.,John,,,17:49,2,5,0.4,1,3,0.333,0,0,0,1,0,1,0,0,0,0,1,5,7
8,22201166,1610612757,POR,Portland,1631133,Jabari Walker,Jabari,,,19:24,2,11,0.182,1,4,0.25,0,0,0,2,5,7,3,1,0,0,4,5,5
9,22201166,1610612757,POR,Portland,1631466,Jeenathan Williams,Jeenathan,,,13:24,3,6,0.5,1,1,1,0,0,0,4,1,5,0,0,0,1,3,7,5
10,22201166,1610612757,POR,Portland,1629629,Cam Reddish,Cam,,DND - Injury/Illness,,,,,,,,,,,,,,,,,,,,
11,22201166,1610612750,MIN,Minnesota,1630183,Jaden McDaniels,Jaden,F,,35:40:00,4,7,0.571,2,4,0.5,0,0,0,0,3,3,1,2,4,4,1,10,-3
12,22201166,1610612750,MIN,Minnesota,1626157,Karl-Anthony Towns,Karl-Anthony,F,,25:04:00,1,3,0.333,1,1,1,5,8,0.625,2,7,9,3,0,0,3,5,8,2
13,22201166,1610612750,MIN,Minnesota,203497,Rudy Gobert,Rudy,C,,35:20:00,5,10,0.5,0,0,0,0,0,0,4,11,15,3,0,0,1,3,10,-6
14,22201166,1610612750,MIN,Minnesota,1630162,Anthony Edwards,Anthony,G,,37:36:00,15,30,0.5,3,8,0.375,4,5,0.8,0,5,5,6,1,0,4,1,37,-1
15,22201166,1610612750,MIN,Minnesota,201144,Mike Conley,Mike,G,,35:27:00,2,8,0.25,2,6,0.333,5,5,1,1,3,4,6,0,0,1,2,11,-3
16,22201166,1610612750,MIN,Minnesota,203937,Kyle Anderson,Kyle,,,33:24:00,6,9,0.667,1,2,0.5,0,0,0,0,8,8,7,0,1,1,3,13,0
17,22201166,1610612750,MIN,Minnesota,1627752,Taurean Prince,Taurean,,,19:02,2,8,0.25,0,3,0,2,2,1,0,2,2,0,0,0,2,0,6,-4
18,22201166,1610612750,MIN,Minnesota,1629162,Jordan McLaughlin,Jordan,,,10:44,1,1,1,1,1,1,0,0,0,0,0,0,2,0,0,1,1,3,4
19,22201166,1610612750,MIN,Minnesota,1629638,Nickeil Alexander-Walker,Nickeil,,,5:32,2,3,0.667,1,1,1,2,3,0.667,0,1,1,1,0,0,0,0,7,1
20,22201166,1610612750,MIN,Minnesota,1630568,Luka Garza,Luka,,,2:12,0,0,0,0,0,0,0,0,0,0,0,0,0,0,0,1,1,0,0
21,22201166,1610612750,MIN,Minnesota,1630233,Nathan Knight,Nathan,,DNP - Coach's Decision,,,,,,,,,,,,,,,,,,,,
22,22201166,1610612750,MIN,Minnesota,1631169,Josh Minott,Josh,,DNP - Coach's Decision,,,,,,,,,,,,,,,,,,,,
23,22201166,1610612750,MIN,Minnesota,1631111,Wendell Moore Jr.,Wendell,,DNP - Coach's Decision,,,,,,,,,,,,,,,,,,,,
24,22201166,1610612750,MIN,Minnesota,1630346,Matt Ryan,Matt,,DNP - Coach's Decision,,,,,,,,,,,,,,,,,,,,
0,22201168,1610612764,WAS,Washington,1630166,Deni Avdija,Deni,F,,34:25:00,3,8,0.375,1,3,0.333,2,2,1,0,3,3,5,3,1,8,4,9,-3
1,22201168,1610612764,WAS,Washington,1630557,Corey Kispert,Corey,F,,34:04:00,10,19,0.526,4,11,0.364,5,5,1,0,3,3,0,0,0,1,1,29,-17
2,22201168,1610612764,WAS,Washington,1629655,Daniel Gafford,Daniel,C,,27:56:00,2,2,1,0,0,0,0,0,0,1,6,7,0,0,2,2,3,4,-13
3,22201168,1610612764,WAS,Washington,1631098,Johnny Davis,Johnny,G,,30:13:00,6,11,0.545,2,6,0.333,2,4,0.5,0,6,6,3,0,0,0,3,16,-6
4,22201168,1610612764,WAS,Washington,1626153,Delon Wright,Delon,G,,31:37:00,3,9,0.333,1,3,0.333,1,2,0.5,1,4,5,7,4,0,2,0,8,-18
5,22201168,1610612764,WAS,Washington,1630692,Jordan Goodwin,Jordan,,,24:32:00,5,11,0.455,1,3,0.333,0,0,0,3,4,7,6,1,0,0,2,11,-2
6,22201168,1610612764,WAS,Washington,201959,Taj Gibson,Taj,,,16:33,4,8,0.5,4,5,0.8,2,2,1,0,2,2,1,0,0,2,2,14,-5
7,22201168,1610612764,WAS,Washington,1629134,Kendrick Nunn,Kendrick,,,13:00,4,6,0.667,3,4,0.75,0,0,0,0,2,2,0,1,0,3,0,11,-5
8,22201168,1610612764,WAS,Washington,1631245,Quenton Jackson,Quenton,,,17:54,1,4,0.25,0,2,0,2,2,1,0,1,1,1,0,1,0,2,4,-3
9,22201168,1610612764,WAS,Washington,1630264,Anthony Gill,Anthony,,,3:31,1,1,1,0,0,0,1,1,1,0,1,1,0,0,0,0,0,3,9
10,22201168,1610612764,WAS,Washington,1641645,Xavier Cooks,Xavier,,,3:31,0,0,0,0,0,0,0,0,0,0,1,1,1,0,1,0,1,0,9
11,22201168,1610612764,WAS,Washington,1630643,Jay Huff,Jay,,,2:44,0,0,0,0,0,0,0,0,0,0,0,0,2,0,0,0,0,0,9
12,22201168,1610612752,NYK,New York,1629656,Quentin Grimes,Quentin,F,,41:18:00,9,17,0.529,6,11,0.545,3,4,0.75,0,2,2,5,0,0,0,3,27,16
13,22201168,1610612752,NYK,New York,1630167,Obi Toppin,Obi,F,,33:00:00,9,15,0.6,3,8,0.375,0,0,0,0,1,1,4,2,1,1,2,21,19
14,22201168,1610612752,NYK,New York,1629011,Mitchell Robinson,Mitchell,C,,25:55:00,3,4,0.75,0,0,0,2,2,1,4,7,11,4,2,1,0,2,8,16
15,22201168,1610612752,NYK,New York,1628973,Jalen Brunson,Jalen,G,,39:12:00,11,20,0.55,1,3,0.333,4,5,0.8,0,3,3,8,3,0,5,2,27,19
16,22201168,1610612752,NYK,New York,1630193,Immanuel Quickley,Immanuel,G,,37:05:00,8,18,0.444,3,6,0.5,3,4,0.75,0,6,6,5,3,0,1,5,22,-2
17,22201168,1610612752,NYK,New York,1628404,Josh Hart,Josh,,,25:46:00,1,4,0.25,0,1,0,0,0,0,1,5,6,3,0,1,1,1,2,4
18,22201168,1610612752,NYK,New York,1630540,Miles McBride,Miles,,,8:57,1,4,0.25,0,2,0,0,0,0,0,0,0,0,0,0,0,0,2,-13
19,22201168,1610612752,NYK,New York,1628392,Isaiah Hartenstein,Isaiah,,,22:05,4,5,0.8,0,0,0,1,3,0.333,2,6,8,2,2,1,1,1,9,-7
20,22201168,1610612752,NYK,New York,203095,Evan Fournier,Evan,,,6:42,0,1,0,0,1,0,0,0,0,0,2,2,0,0,0,2,1,0,-7
21,22201168,1610612752,NYK,New York,1629610,DaQuan Jeffries,DaQuan,,DND - Injury/Illness,,,,,,,,,,,,,,,,,,,,
22,22201168,1610612752,NYK,New York,1631211,Trevor Keels,Trevor,,DNP - Coach's Decision,,,,,,,,,,,,,,,,,,,,
23,22201168,1610612752,NYK,New York,1630579,Jericho Sims,Jericho,,DNP - Coach's Decision,,,,,,,,,,,,,,,,,,,,
0,22201163,1610612761,TOR,Toronto,1628384,O.G. Anunoby,O.G.,F,,34:11:00,9,13,0.692,5,6,0.833,0,0,0,1,6,7,1,0,0,0,2,23,16
1,22201163,1610612761,TOR,Toronto,1627783,Pascal Siakam,Pascal,F,,38:06:00,16,24,0.667,2,7,0.286,2,2,1,2,5,7,7,2,0,0,1,36,16
2,22201163,1610612761,TOR,Toronto,1627751,Jakob Poeltl,Jakob,C,,30:01:00,8,12,0.667,0,0,0,0,0,0,4,5,9,3,1,4,1,3,16,16
3,22201163,1610612761,TOR,Toronto,1630567,Scottie Barnes,Scottie,G,,36:04:00,6,12,0.5,0,1,0,0,0,0,1,2,3,3,2,1,3,1,12,15
4,22201163,1610612761,TOR,Toronto,1627832,Fred VanVleet,Fred,G,,37:41:00,7,17,0.412,1,8,0.125,5,5,1,1,4,5,20,3,0,2,4,20,18
5,22201163,1610612761,TOR,Toronto,1628449,Chris Boucher,Chris,,,16:17,3,9,0.333,0,3,0,1,1,1,1,4,5,0,0,0,0,0,7,2
6,22201163,1610612761,TOR,Toronto,1631132,Christian Koloko,Christian,,,15:46,3,6,0.5,0,1,0,0,0,0,3,0,3,0,0,1,0,2,6,2
7,22201163,1610612761,TOR,Toronto,1630288,Jeff Dowtin Jr.,Jeff,,,10:25,0,0,0,0,0,0,0,0,0,0,0,0,4,0,0,0,1,0,-3
8,22201163,1610612761,TOR,Toronto,1630173,Precious Achiuwa,Precious,,,12:32,4,7,0.571,0,1,0,0,0,0,1,2,3,0,0,0,1,0,8,6
9,22201163,1610612761,TOR,Toronto,1630201,Malachi Flynn,Malachi,,,4:03,0,3,0,0,1,0,0,0,0,0,0,0,0,0,0,0,0,0,6
10,22201163,1610612761,TOR,Toronto,1630580,Joe Wieskamp,Joe,,,1:38,0,0,0,0,0,0,0,0,0,0,1,1,0,0,0,0,0,0,2
11,22201163,1610612761,TOR,Toronto,1631199,Ron Harper Jr.,Ron,,,1:38,0,0,0,0,0,0,0,0,0,1,0,1,0,0,0,0,0,0,2
12,22201163,1610612761,TOR,Toronto,1630625,Dalano Banton,Dalano,,,1:38,0,1,0,0,0,0,0,0,0,0,1,1,0,0,0,0,0,0,2
13,22201163,1610612761,TOR,Toronto,201152,Thaddeus Young,Thaddeus,,DNP - Coach's Decision,,,,,,,,,,,,,,,,,,,,
14,22201163,1610612766,CHA,Charlotte,1631121,Bryce McGowens,Bryce,F,,30:18:00,3,6,0.5,1,2,0.5,4,6,0.667,0,2,2,2,0,0,2,1,11,-13
15,22201163,1610612766,CHA,Charlotte,1630550,JT Thor,JT,F,,33:56:00,3,7,0.429,1,2,0.5,1,2,0.5,0,2,2,0,0,0,2,2,8,-7
16,22201163,1610612766,CHA,Charlotte,1631109,Mark Williams,Mark,C,,26:51:00,7,15,0.467,0,0,0,1,1,1,7,5,12,0,0,0,1,2,15,-15
17,22201163,1610612766,CHA,Charlotte,1629004,Svi Mykhailiuk,Svi,G,,33:29:00,10,17,0.588,5,9,0.556,1,1,1,2,2,4,5,2,0,3,1,26,-9
18,22201163,1610612766,CHA,Charlotte,1630177,Theo Maledon,Theo,G,,40:55:00,4,16,0.25,0,6,0,0,0,0,1,7,8,14,0,1,2,2,8,-16
19,22201163,1610612766,CHA,Charlotte,1630547,James Bouknight,James,,,25:14:00,7,11,0.636,5,7,0.714,2,2,1,0,2,2,1,0,0,3,1,21,-18
20,22201163,1610612766,CHA,Charlotte,1630539,Kai Jones,Kai,,,31:45:00,5,10,0.5,0,2,0,0,1,0,0,5,5,2,1,3,3,2,10,-18
21,22201163,1610612766,CHA,Charlotte,1630270,Xavier Sneed,Xavier,,,15:54,3,3,1,3,3,1,0,0,0,0,2,2,2,0,0,1,0,9,-2
22,22201163,1610612766,CHA,Charlotte,1628424,Kobi Simmons,Kobi,,,1:38,0,0,0,0,0,0,0,0,0,0,0,0,0,0,0,0,0,0,-2
23,22201163,1610612766,CHA,Charlotte,1626162,Kelly Oubre Jr.,Kelly,,DND - Injury/Illness,,,,,,,,,,,,,,,,,,,,
24,22201163,1610612766,CHA,Charlotte,1630208,Nick Richards,Nick,,DNP - Coach's Decision,,,,,,,,,,,,,,,,,,,,
0,22201167,1610612742,DAL,Dallas,203501,Tim Hardaway Jr.,Tim,F,,18:09,1,6,0.167,1,4,0.25,3,4,0.75,0,1,1,0,0,0,1,2,6,-13
1,22201167,1610612742,DAL,Dallas,203493,Reggie Bullock,Reggie,F,,20:01,3,6,0.5,2,5,0.4,0,0,0,0,5,5,0,1,0,1,0,8,-5
2,22201167,1610612742,DAL,Dallas,203939,Dwight Powell,Dwight,C,,19:55,3,3,1,0,0,0,1,2,0.5,1,0,1,2,0,0,1,1,7,4
3,22201167,1610612742,DAL,Dallas,202681,Kyrie Irving,Kyrie,G,,44:22:00,16,27,0.593,1,6,0.167,8,8,1,2,3,5,4,2,1,1,3,41,-6
4,22201167,1610612742,DAL,Dallas,1629029,Luka Doncic,Luka,G,,43:46:00,8,21,0.381,3,12,0.25,3,4,0.75,0,7,7,7,0,1,5,2,22,-1
5,22201167,1610612742,DAL,Dallas,1630182,Josh Green,Josh,,,39:56:00,6,9,0.667,1,4,0.25,0,0,0,2,3,5,4,1,0,0,1,13,6
6,22201167,1610612742,DAL,Dallas,1630702,Jaden Hardy,Jaden,,,13:36,1,1,1,0,0,0,0,2,0,2,1,3,2,0,0,1,1,2,-3
7,22201167,1610612742,DAL,Dallas,1628467,Maxi Kleber,Maxi,,,7:30,1,4,0.25,0,2,0,0,0,0,1,0,1,1,0,0,0,0,2,-20
8,22201167,1610612742,DAL,Dallas,1626174,Christian Wood,Christian,,,29:50:00,5,10,0.5,2,3,0.667,6,10,0.6,1,10,11,3,0,1,4,1,18,10
9,22201167,1610612742,DAL,Dallas,202722,Davis Bertans,Davis,,,4:54,0,2,0,0,2,0,0,0,0,0,2,2,0,0,0,0,1,0,5
10,22201167,1610612742,DAL,Dallas,201580,JaVale McGee,JaVale,,,23:01,5,6,0.833,0,0,0,1,2,0.5,1,5,6,1,0,0,0,3,11,13
11,22201167,1610612742,DAL,Dallas,203200,Justin Holiday,Justin,,DNP - Coach's Decision,,,,,,,,,,,,,,,,,,,,
12,22201167,1610612742,DAL,Dallas,202693,Markieff Morris,Markieff,,DNP - Coach's Decision,,,,,,,,,,,,,,,,,,,,
13,22201167,1610612742,DAL,Dallas,1628373,Frank Ntilikina,Frank,,DNP - Coach's Decision,,,,,,,,,,,,,,,,,,,,
14,22201167,1610612742,DAL,Dallas,1629033,Theo Pinson,Theo,,DNP - Coach's Decision,,,,,,,,,,,,,,,,,,,,
15,22201167,1610612737,ATL,Atlanta,1630180,Saddiq Bey,Saddiq,F,,38:08:00,6,13,0.462,1,6,0.167,0,0,0,5,3,8,2,2,0,0,3,13,10
16,22201167,1610612737,ATL,Atlanta,1628381,John Collins,John,F,,33:37:00,5,10,0.5,4,6,0.667,4,8,0.5,3,7,10,1,2,0,0,2,18,6
17,22201167,1610612737,ATL,Atlanta,203991,Clint Capela,Clint,C,,32:19:00,6,9,0.667,0,0,0,2,2,1,1,10,11,1,2,0,1,4,14,0
18,22201167,1610612737,ATL,Atlanta,1627749,Dejounte Murray,Dejounte,G,,41:29:00,11,21,0.524,1,4,0.25,2,2,1,1,6,7,4,1,0,4,4,25,2
19,22201167,1610612737,ATL,Atlanta,1629027,Trae Young,Trae,G,,41:24:00,8,24,0.333,0,5,0,8,8,1,0,3,3,12,1,0,2,1,24,8
20,22201167,1610612737,ATL,Atlanta,203992,Bogdan Bogdanovic,Bogdan,,,25:15:00,6,14,0.429,4,10,0.4,0,0,0,1,1,2,2,0,0,0,0,16,-6
21,22201167,1610612737,ATL,Atlanta,1630168,Onyeka Okongwu,Onyeka,,,20:36,6,9,0.667,0,0,0,2,2,1,1,4,5,0,0,2,1,3,14,0
22,22201167,1610612737,ATL,Atlanta,1630552,Jalen Johnson,Jalen,,,19:07,2,5,0.4,1,1,1,0,0,0,2,2,4,5,2,1,0,4,5,-8
23,22201167,1610612737,ATL,Atlanta,1631100,AJ Griffin,AJ,,,13:05,1,3,0.333,1,3,0.333,0,0,0,2,1,3,1,0,0,1,1,3,-2
24,22201167,1610612737,ATL,Atlanta,1628981,Bruno Fernando,Bruno,,DNP - Coach's Decision,,,,,,,,,,,,,,,,,,,,
25,22201167,1610612737,ATL,Atlanta,1630235,Trent Forrest,Trent,,DNP - Coach's Decision,,,,,,,,,,,,,,,,,,,,
26,22201167,1610612737,ATL,Atlanta,1628988,Aaron Holiday,Aaron,,DNP - Coach's Decision,,,,,,,,,,,,,,,,,,,,
27,22201167,1610612737,ATL,Atlanta,1630249,Vit Krejci,Vit,,DNP - Coach's Decision,,,,,,,,,,,,,,,,,,,,
28,22201167,1610612737,ATL,Atlanta,1631213,Tyrese Martin,Tyrese,,DNP - Coach's Decision,,,,,,,,,,,,,,,,,,,,
29,22201167,1610612737,ATL,Atlanta,1629726,Garrison Mathews,Garrison,,DNP - Coach's Decision,,,,,,,,,,,,,,,,,,,,
0,22201169,1610612765,DET,Detroit,1630587,Isaiah Livers,Isaiah,F,,30:37:00,3,7,0.429,2,5,0.4,2,2,1,2,4,6,1,0,1,2,4,10,-11
1,22201169,1610612765,DET,Detroit,1628963,Marvin Bagley III,Marvin,F,,8:38,0,4,0,0,1,0,2,2,1,0,1,1,0,0,0,0,1,2,-4
2,22201169,1610612765,DET,Detroit,1630164,James Wiseman,James,C,,22:32,4,8,0.5,0,0,0,4,4,1,1,9,10,1,0,0,0,3,12,-22
3,22201169,1610612765,DET,Detroit,1631093,Jaden Ivey,Jaden,G,,30:51:00,4,14,0.286,2,7,0.286,4,4,1,1,2,3,6,1,0,4,5,14,-11
4,22201169,1610612765,DET,Detroit,1630165,Killian Hayes,Killian,G,,33:47:00,6,12,0.5,0,3,0,8,8,1,0,2,2,7,0,0,5,4,20,-19
5,22201169,1610612765,DET,Detroit,1631105,Jalen Duren,Jalen,,,21:56,3,6,0.5,0,0,0,1,2,0.5,5,2,7,0,1,0,1,3,7,-4
6,22201169,1610612765,DET,Detroit,1630647,Eugene Omoruyi,Eugene,,,27:39:00,6,17,0.353,3,11,0.273,4,7,0.571,0,2,2,2,2,0,2,2,19,-5
7,22201169,1610612765,DET,Detroit,1630181,R.J. Hampton,R.J.,,,21:25,2,4,0.5,0,2,0,0,2,0,0,2,2,0,0,0,1,3,4,-16
8,22201169,1610612765,DET,Detroit,202709,Cory Joseph,Cory,,,20:45,2,4,0.5,2,4,0.5,2,3,0.667,0,2,2,5,0,0,0,2,8,-19
9,22201169,1610612765,DET,Detroit,1631197,Jared Rhoden,Jared,,,16:37,1,1,1,0,0,0,2,2,1,0,2,2,0,0,0,1,1,4,-14
10,22201169,1610612765,DET,Detroit,1631205,Buddy Boeheim,Buddy,,,5:13,1,1,1,0,0,0,0,0,0,0,1,1,0,0,0,0,1,2,-5
11,22201169,1610612765,DET,Detroit,203585,Rodney McGruder,Rodney,,DNP - Injury/Illness,,,,,,,,,,,,,,,,,,,,
12,22201169,1610612753,ORL,Orlando,1630532,Franz Wagner,Franz,F,,31:20:00,5,11,0.455,1,3,0.333,5,6,0.833,0,5,5,8,3,0,1,1,16,33
13,22201169,1610612753,ORL,Orlando,1631094,Paolo Banchero,Paolo,F,,29:18:00,4,9,0.444,2,4,0.5,4,11,0.364,1,8,9,3,0,0,4,1,14,9
14,22201169,1610612753,ORL,Orlando,1628976,Wendell Carter Jr.,Wendell,C,,23:19,4,8,0.5,3,5,0.6,3,4,0.75,2,7,9,1,3,1,1,3,14,14
15,22201169,1610612753,ORL,Orlando,203914,Gary Harris,Gary,G,,18:32,3,4,0.75,2,3,0.667,0,0,0,1,2,3,0,0,0,0,3,8,3
16,22201169,1610612753,ORL,Orlando,1628365,Markelle Fultz,Markelle,G,,24:09:00,5,8,0.625,1,1,1,0,2,0,0,2,2,6,1,2,4,1,11,10
17,22201169,1610612753,ORL,Orlando,1630175,Cole Anthony,Cole,,,27:44:00,6,11,0.545,2,5,0.4,3,4,0.75,2,4,6,3,0,0,1,4,17,6
18,22201169,1610612753,ORL,Orlando,1630591,Jalen Suggs,Jalen,,,25:31:00,5,9,0.556,4,6,0.667,4,5,0.8,0,2,2,2,4,1,2,5,18,20
19,22201169,1610612753,ORL,Orlando,1629048,Goga Bitadze,Goga,,,17:51,5,6,0.833,0,1,0,3,4,0.75,1,2,3,3,0,1,0,6,13,8
20,22201169,1610612753,ORL,Orlando,1629021,Moritz Wagner,Moritz,,,17:37,4,4,1,1,1,1,2,2,1,0,0,0,1,0,1,1,1,11,15
21,22201169,1610612753,ORL,Orlando,1629643,Chuma Okeke,Chuma,,,11:26,1,2,0.5,1,2,0.5,0,0,0,0,1,1,0,0,0,0,0,3,-1
22,22201169,1610612753,ORL,Orlando,1631216,Caleb Houstan,Caleb,,,5:39,0,1,0,0,1,0,0,0,0,0,0,0,2,0,0,0,0,0,6
23,22201169,1610612753,ORL,Orlando,1629678,Admiral Schofield,Admiral,,,3:15,0,1,0,0,1,0,0,0,0,0,0,0,1,0,0,0,0,0,5
24,22201169,1610612753,ORL,Orlando,1630206,Jay Scrubb,Jay,,,2:32,1,1,1,0,0,0,0,0,0,0,1,1,0,0,0,0,1,2,2
25,22201169,1610612753,ORL,Orlando,203487,Michael Carter-Williams,Michael,,,1:47,0,0,0,0,0,0,1,2,0.5,0,0,0,0,0,0,0,0,1,0
26,22201169,1610612753,ORL,Orlando,1629626,Bol Bol,Bol,,DNP - Coach's Decision,,,,,,,,,,,,,,,,,,,,
0,22201172,1610612756,PHX,Phoenix,1629006,Josh Okogie,Josh,F,,26:27:00,1,2,0.5,0,1,0,2,4,0.5,0,3,3,2,0,1,1,3,4,2
1,22201172,1610612756,PHX,Phoenix,201142,Kevin Durant,Kevin,F,,34:48:00,13,21,0.619,3,7,0.429,6,6,1,0,5,5,5,0,2,2,1,35,5
2,22201172,1610612756,PHX,Phoenix,1629028,Deandre Ayton,Deandre,C,,30:40:00,8,12,0.667,0,0,0,3,4,0.75,2,9,11,0,0,0,1,1,19,1
3,22201172,1610612756,PHX,Phoenix,1626164,Devin Booker,Devin,G,,36:57:00,8,14,0.571,1,5,0.2,5,5,1,1,4,5,10,1,0,5,4,22,5
4,22201172,1610612756,PHX,Phoenix,101108,Chris Paul,Chris,G,,32:12:00,5,9,0.556,2,5,0.4,4,5,0.8,0,3,3,8,1,0,3,5,16,5
5,22201172,1610612756,PHX,Phoenix,1628470,Torrey Craig,Torrey,,,12:18,3,5,0.6,1,2,0.5,1,1,1,0,1,1,1,1,1,0,5,8,6
6,22201172,1610612756,PHX,Phoenix,1626166,Cameron Payne,Cameron,,,8:49,2,4,0.5,1,2,0.5,0,0,0,0,0,0,3,0,0,1,5,5,5
7,22201172,1610612756,PHX,Phoenix,203933,T.J. Warren,T.J.,,,11:07,2,5,0.4,2,4,0.5,0,0,0,0,1,1,1,0,0,0,2,6,3
8,22201172,1610612756,PHX,Phoenix,202687,Bismack Biyombo,Bismack,,,15:12,1,1,1,0,0,0,1,1,1,0,6,6,0,0,1,0,2,3,9
9,22201172,1610612756,PHX,Phoenix,203082,Terrence Ross,Terrence,,,11:19,0,2,0,0,2,0,0,0,0,2,0,2,1,0,0,0,1,0,5
10,22201172,1610612756,PHX,Phoenix,1629013,Landry Shamet,Landry,,,12:24,2,5,0.4,2,5,0.4,1,2,0.5,0,0,0,0,0,0,0,1,7,5
11,22201172,1610612756,PHX,Phoenix,1630688,Ish Wainright,Ish,,,7:47,1,1,1,1,1,1,0,0,0,0,1,1,0,1,1,0,0,3,-1
12,22201172,1610612756,PHX,Phoenix,1629647,Darius Bazley,Darius,,DNP - Coach's Decision,,,,,,,,,,,,,,,,,,,,
13,22201172,1610612756,PHX,Phoenix,1629111,Jock Landale,Jock,,DNP - Coach's Decision,,,,,,,,,,,,,,,,,,,,
14,22201172,1610612756,PHX,Phoenix,1627814,Damion Lee,Damion,,DNP - Coach's Decision,,,,,,,,,,,,,,,,,,,,
15,22201172,1610612760,OKC,Oklahoma City,1629652,Luguentz Dort,Luguentz,F,,39:15:00,4,14,0.286,2,7,0.286,4,6,0.667,5,3,8,2,0,0,0,4,14,1
16,22201172,1610612760,OKC,Oklahoma City,1631114,Jalen Williams,Jalen,F,,34:43:00,5,12,0.417,1,3,0.333,1,1,1,2,1,3,2,3,0,3,3,12,-4
17,22201172,1610612760,OKC,Oklahoma City,1631119,Jaylin Williams,Jaylin,C,,20:11,2,3,0.667,1,2,0.5,2,2,1,2,6,8,2,1,0,1,2,7,-5
18,22201172,1610612760,OKC,Oklahoma City,1630581,Josh Giddey,Josh,G,,34:57:00,5,16,0.313,2,7,0.286,4,6,0.667,1,8,9,8,0,0,1,3,16,-12
19,22201172,1610612760,OKC,Oklahoma City,1628983,Shai Gilgeous-Alexander,Shai,G,,37:32:00,11,22,0.5,0,0,0,17,17,1,0,3,3,5,2,0,1,4,39,-6
20,22201172,1610612760,OKC,Oklahoma City,1630598,Aaron Wiggins,Aaron,,,22:04,5,8,0.625,2,3,0.667,2,2,1,0,1,1,0,0,0,0,2,14,-8
21,22201172,1610612760,OKC,Oklahoma City,1630198,Isaiah Joe,Isaiah,,,21:38,2,6,0.333,1,3,0.333,2,3,0.667,0,1,1,1,0,0,1,1,7,-7
22,22201172,1610612760,OKC,Oklahoma City,203967,Dario Saric,Dario,,,14:09,2,3,0.667,2,3,0.667,2,2,1,2,0,2,1,0,0,1,2,8,-4
23,22201172,1610612760,OKC,Oklahoma City,1631172,Ousmane Dieng,Ousmane,,,5:04,0,1,0,0,1,0,0,0,0,0,0,0,0,0,0,0,1,0,-8
24,22201172,1610612760,OKC,Oklahoma City,1630322,Lindy Waters III,Lindy,,,10:27,0,3,0,0,3,0,1,2,0.5,1,5,6,0,1,0,0,1,1,3
25,22201172,1610612760,OKC,Oklahoma City,1630544,Tre Mann,Tre,,DNP - Coach's Decision,,,,,,,,,,,,,,,,,,,,
26,22201172,1610612760,OKC,Oklahoma City,1630197,Aleksej Pokusevski,Aleksej,,DNP - Coach's Decision,,,,,,,,,,,,,,,,,,,,
27,22201172,1610612760,OKC,Oklahoma City,1630526,Jeremiah Robinson-Earl,Jeremiah,,DNP - Coach's Decision,,,,,,,,,,,,,,,,,,,,
28,22201172,1610612760,OKC,Oklahoma City,1630846,Olivier Sarr,Olivier,,DNP - Coach's Decision,,,,,,,,,,,,,,,,,,,,
0,22201170,1610612759,SAS,San Antonio,1631103,Malaki Branham,Malaki,F,,30:47:00,7,12,0.583,1,5,0.2,0,0,0,0,2,2,5,1,0,2,3,15,9
1,22201170,1610612759,SAS,San Antonio,1628966,Keita Bates-Diop,Keita,F,,32:00:00,4,5,0.8,1,1,1,4,4,1,1,4,5,2,0,0,0,2,13,13
2,22201170,1610612759,SAS,San Antonio,1628380,Zach Collins,Zach,C,,23:09,6,13,0.462,2,4,0.5,2,2,1,0,6,6,3,0,1,3,6,16,0
3,22201170,1610612759,SAS,San Antonio,1628984,Devonte' Graham,Devonte',G,,18:35,1,6,0.167,1,6,0.167,0,2,0,0,2,2,1,1,0,0,0,3,1
4,22201170,1610612759,SAS,San Antonio,1630200,Tre Jones,Tre,G,,33:15:00,7,11,0.636,0,0,0,3,3,1,2,8,10,11,1,0,1,1,17,24
5,22201170,1610612759,SAS,San Antonio,1630572,Sandro Mamukelashvili,Sandro,,,16:43,2,5,0.4,0,1,0,2,2,1,3,2,5,1,1,0,2,0,6,-8
6,22201170,1610612759,SAS,San Antonio,1630577,Julian Champagnie,Julian,,,28:13:00,9,14,0.643,4,7,0.571,4,5,0.8,0,6,6,0,1,0,2,2,26,16
7,22201170,1610612759,SAS,San Antonio,1631230,Dominick Barlow,Dominick,,,29:51:00,5,8,0.625,0,0,0,2,2,1,5,5,10,5,1,2,1,3,12,8
8,22201170,1610612759,SAS,San Antonio,1629641,Romeo Langford,Romeo,,,7:48,0,2,0,0,1,0,0,0,0,0,0,0,0,1,0,2,1,0,-5
9,22201170,1610612759,SAS,San Antonio,1631104,Blake Wesley,Blake,,,16:23,2,7,0.286,0,1,0,0,0,0,1,3,4,2,1,0,4,2,4,-15
10,22201170,1610612759,SAS,San Antonio,203926,Doug McDermott,Doug,,,28:16:00,9,15,0.6,4,8,0.5,8,9,0.889,2,0,2,1,0,0,0,5,30,-3
11,22201170,1610612759,SAS,San Antonio,203476,Gorgui Dieng,Gorgui,,DNP - Coach's Decision,,,,,,,,,,,,,,,,,,,,
12,22201170,1610612758,SAC,Sacramento,203084,Harrison Barnes,Harrison,F,,37:28:00,5,12,0.417,1,3,0.333,4,6,0.667,2,2,4,1,2,0,3,1,15,-4
13,22201170,1610612758,SAC,Sacramento,1631099,Keegan Murray,Keegan,F,,35:14:00,7,10,0.7,2,4,0.5,2,2,1,2,2,4,1,1,0,1,3,18,-21
14,22201170,1610612758,SAC,Sacramento,1627734,Domantas Sabonis,Domantas,C,,39:20:00,9,12,0.75,1,1,1,7,12,0.583,2,6,8,6,1,1,3,4,26,-18
15,22201170,1610612758,SAC,Sacramento,1628989,Kevin Huerter,Kevin,G,,35:41:00,5,17,0.294,2,12,0.167,1,1,1,0,4,4,3,0,0,1,1,13,-17
16,22201170,1610612758,SAC,Sacramento,1628368,De'Aaron Fox,De'Aaron,G,,37:49:00,10,23,0.435,0,8,0,8,8,1,0,4,4,4,0,0,1,2,28,-3
17,22201170,1610612758,SAC,Sacramento,1630558,Davion Mitchell,Davion,,,15:29,2,3,0.667,0,1,0,0,0,0,0,0,0,4,0,0,0,0,4,-9
18,22201170,1610612758,SAC,Sacramento,1630556,Kessler Edwards,Kessler,,,22:11,2,7,0.286,1,5,0.2,1,1,1,2,4,6,1,2,0,0,5,6,-1
19,22201170,1610612758,SAC,Sacramento,1626168,Trey Lyles,Trey,,,11:31,1,3,0.333,1,2,0.5,0,0,0,0,3,3,1,1,2,1,2,3,6
20,22201170,1610612758,SAC,Sacramento,1629056,Terence Davis,Terence,,,16:46,5,11,0.455,3,8,0.375,2,2,1,1,2,3,1,1,0,2,3,15,15
21,22201170,1610612758,SAC,Sacramento,203458,Alex Len,Alex,,,13:24,3,5,0.6,0,0,0,0,0,0,4,3,7,2,1,2,3,2,6,12
22,22201170,1610612758,SAC,Sacramento,1628408,PJ Dozier,PJ,,,0:07,0,0,0,0,0,0,0,0,0,0,0,0,0,0,0,0,0,0,0
23,22201170,1610612758,SAC,Sacramento,1631165,Keon Ellis,Keon,,DNP - Coach's Decision,,,,,,,,,,,,,,,,,,,,
24,22201170,1610612758,SAC,Sacramento,1626158,Richaun Holmes,Richaun,,DNP - Coach's Decision,,,,,,,,,,,,,,,,,,,,
25,22201170,1610612758,SAC,Sacramento,1629002,Chimezie Metu,Chimezie,,DNP - Coach's Decision,,,,,,,,,,,,,,,,,,,,
26,22201170,1610612758,SAC,Sacramento,1628370,Malik Monk,Malik,,DNP - Coach's Decision,,,,,,,,,,,,,,,,,,,,
0,22201164,1610612762,UTA,Utah,1628374,Lauri Markkanen,Lauri,F,,34:42:00,8,21,0.381,1,8,0.125,6,6,1,2,7,9,2,2,0,2,3,23,11
1,22201164,1610612762,UTA,Utah,203482,Kelly Olynyk,Kelly,F,,32:54:00,2,7,0.286,0,2,0,3,4,0.75,1,14,15,5,1,0,3,5,7,10
2,22201164,1610612762,UTA,Utah,1631117,Walker Kessler,Walker,C,,21:36,3,5,0.6,0,1,0,0,2,0,4,4,8,0,0,0,0,1,6,-4
3,22201164,1610612762,UTA,Utah,1630534,Ochai Agbaji,Ochai,G,,28:47:00,6,13,0.462,2,7,0.286,5,5,1,2,0,2,1,0,0,0,1,19,-1
4,22201164,1610612762,UTA,Utah,1629659,Talen Horton-Tucker,Talen,G,,34:03:00,12,25,0.48,3,7,0.429,5,6,0.833,1,3,4,8,0,0,2,3,32,7
5,22201164,1610612762,UTA,Utah,1629308,Juan Toscano-Anderson,Juan,,,22:16,2,5,0.4,0,1,0,0,0,0,1,5,6,4,0,0,2,3,4,4
6,22201164,1610612762,UTA,Utah,1631323,Simone Fontecchio,Simone,,,13:24,1,5,0.2,0,2,0,0,2,0,0,1,1,0,1,0,0,2,2,-13
7,22201164,1610612762,UTA,Utah,1627739,Kris Dunn,Kris,,,27:48:00,5,7,0.714,1,1,1,2,3,0.667,0,1,1,3,1,1,1,2,13,2
8,22201164,1610612762,UTA,Utah,1628962,Udoka Azubuike,Udoka,,,14:03,0,0,0,0,0,0,0,0,0,0,4,4,0,0,0,0,2,0,-13
9,22201164,1610612762,UTA,Utah,1629677,Luka Samanic,Luka,,,10:27,1,3,0.333,1,3,0.333,1,2,0.5,0,2,2,1,0,0,1,1,4,-8
10,22201164,1610612762,UTA,Utah,1627745,Damian Jones,Damian,,DNP - Coach's Decision,,,,,,,,,,,,,,,,,,,,
11,22201164,1610612762,UTA,Utah,1630548,Johnny Juzang,Johnny,,DNP - Coach's Decision,,,,,,,,,,,,,,,,,,,,
12,22201164,1610612762,UTA,Utah,1630695,Micah Potter,Micah,,DNP - Coach's Decision,,,,,,,,,,,,,,,,,,,,
13,22201164,1610612751,BKN,Brooklyn,1629661,Cameron Johnson,Cameron,F,,31:44:00,5,9,0.556,1,2,0.5,7,8,0.875,1,5,6,2,0,0,2,3,18,-1
14,22201164,1610612751,BKN,Brooklyn,1627827,Dorian Finney-Smith,Dorian,F,,29:31:00,3,6,0.5,1,2,0.5,1,2,0.5,0,1,1,1,0,2,0,4,8,0
15,22201164,1610612751,BKN,Brooklyn,1629651,Nic Claxton,Nic,C,,32:28:00,7,8,0.875,0,0,0,0,1,0,2,5,7,1,2,0,0,3,14,3
16,22201164,1610612751,BKN,Brooklyn,1628969,Mikal Bridges,Mikal,G,,38:56:00,9,25,0.36,1,8,0.125,11,13,0.846,0,7,7,2,3,0,1,2,30,8
17,22201164,1610612751,BKN,Brooklyn,203915,Spencer Dinwiddie,Spencer,G,,34:30:00,5,13,0.385,2,5,0.4,5,6,0.833,0,4,4,12,0,0,2,1,17,4
18,22201164,1610612751,BKN,Brooklyn,1630549,Day'Ron Sharpe,Day'Ron,,,14:45,2,3,0.667,0,0,0,2,2,1,4,3,7,0,0,0,2,2,6,0
19,22201164,1610612751,BKN,Brooklyn,1626220,Royce O'Neale,Royce,,,19:08,1,5,0.2,1,5,0.2,0,0,0,0,3,3,4,0,0,1,4,3,-1
20,22201164,1610612751,BKN,Brooklyn,203925,Joe Harris,Joe,,,5:00,0,3,0,0,3,0,0,0,0,0,1,1,1,1,0,0,1,0,1
21,22201164,1610612751,BKN,Brooklyn,203552,Seth Curry,Seth,,,17:07,3,7,0.429,1,3,0.333,0,2,0,0,1,1,0,0,0,0,2,7,-7
22,22201164,1610612751,BKN,Brooklyn,1629139,Yuta Watanabe,Yuta,,,8:21,2,4,0.5,2,4,0.5,0,0,0,0,1,1,2,0,0,0,3,6,2
23,22201164,1610612751,BKN,Brooklyn,1630560,Cam Thomas,Cam,,,8:30,1,3,0.333,0,0,0,0,0,0,0,2,2,0,0,0,0,1,2,-4
24,22201164,1610612751,BKN,Brooklyn,1629650,Moses Brown,Moses,,DNP - Coach's Decision,,,,,,,,,,,,,,,,,,,,
25,22201164,1610612751,BKN,Brooklyn,201988,Patty Mills,Patty,,DNP - Coach's Decision,,,,,,,,,,,,,,,,,,,,
26,22201164,1610612751,BKN,Brooklyn,1628410,Edmond Sumner,Edmond,,DNP - Coach's Decision,,,,,,,,,,,,,,,,,,,,
0,22201173,1610612754,IND,Indiana,1630174,Aaron Nesmith,Aaron,F,,32.000000:12,4,9,0.444,3,4,0.75,3,6,0.5,2,4,6,2,0,0,0,3,14,-17
1,22201173,1610612754,IND,Indiana,1629670,Jordan Nwora,Jordan,F,,35.000000:54,4,15,0.267,2,8,0.25,5,6,0.833,3,7,10,3,0,0,1,0,15,-11
2,22201173,1610612754,IND,Indiana,1630543,Isaiah Jackson,Isaiah,C,,20.000000:55,1,5,0.2,0,0,0,1,2,0.5,0,2,2,1,0,2,2,4,3,-8
3,22201173,1610612754,IND,Indiana,1631097,Bennedict Mathurin,Bennedict,G,,32.000000:34,5,12,0.417,1,2,0.5,8,8,1,3,6,9,0,0,2,4,5,19,-7
4,22201173,1610612754,IND,Indiana,1629614,Andrew Nembhard,Andrew,G,,31.000000:21,6,14,0.429,1,2,0.5,0,0,0,0,2,2,8,3,0,3,1,13,-16
5,22201173,1610612754,IND,Indiana,1627741,Buddy Hield,Buddy,,,22.000000:59,3,8,0.375,1,4,0.25,3,3,1,1,4,5,1,2,0,2,2,10,-2
6,22201173,1610612754,IND,Indiana,1630188,Jalen Smith,Jalen,,,27.000000:05,5,8,0.625,1,2,0.5,1,1,1,2,6,8,0,0,2,0,4,12,-2
7,22201173,1610612754,IND,Indiana,204456,T.J. McConnell,T.J.,,,19.000000:16,7,8,0.875,0,0,0,2,2,1,0,2,2,5,0,0,2,4,16,7
8,22201173,1610612754,IND,Indiana,1629052,Oshae Brissett,Oshae,,,17.000000:44,1,4,0.25,0,2,0,1,1,1,0,0,0,1,0,0,1,3,3,6
9,22201173,1610612754,IND,Indiana,201588,George Hill,George,,DNP - Coach's Decision,,,,,,,,,,,,,,,,,,,,
10,22201173,1610612754,IND,Indiana,201949,James Johnson,James,,DNP - Coach's Decision,,,,,,,,,,,,,,,,,,,,
11,22201173,1610612754,IND,Indiana,1628464,Daniel Theis,Daniel,,DNP - Coach's Decision,,,,,,,,,,,,,,,,,,,,
12,22201173,1610612739,CLE,Cleveland,1629731,Dean Wade,Dean,F,,27.000000:08,2,3,0.667,1,2,0.5,0,0,0,2,3,5,1,0,0,0,3,5,15
13,22201173,1610612739,CLE,Cleveland,1630596,Evan Mobley,Evan,F,,39.000000:09,7,17,0.412,0,1,0,0,0,0,5,11,16,4,0,4,0,3,14,15
14,22201173,1610612739,CLE,Cleveland,1628386,Jarrett Allen,Jarrett,C,,26.000000:35,6,9,0.667,0,0,0,3,6,0.5,4,3,7,1,1,0,1,1,15,-2
15,22201173,1610612739,CLE,Cleveland,1628378,Donovan Mitchell,Donovan,G,,39.000000:45,14,25,0.56,3,9,0.333,9,12,0.75,0,6,6,1,3,0,5,4,40,16
16,22201173,1610612739,CLE,Cleveland,1629636,Darius Garland,Darius,G,,39.000000:16,8,20,0.4,2,3,0.667,2,2,1,1,2,3,6,2,0,2,2,20,3
17,22201173,1610612739,CLE,Cleveland,1627747,Caris LeVert,Caris,,,33.000000:00,5,10,0.5,2,6,0.333,3,4,0.75,0,3,3,4,0,3,0,6,15,14
18,22201173,1610612739,CLE,Cleveland,201937,Ricky Rubio,Ricky,,,14.000000:03,0,1,0,0,0,0,0,0,0,0,1,1,5,1,0,1,2,0,1
19,22201173,1610612739,CLE,Cleveland,1626224,Cedi Osman,Cedi,,,8.000000:45,1,3,0.333,1,2,0.5,1,2,0.5,0,0,0,1,0,0,0,0,4,-10
20,22201173,1610612739,CLE,Cleveland,1630205,Lamar Stevens,Lamar,,,12.000000:19,1,2,0.5,0,1,0,0,0,0,1,1,2,0,0,0,1,1,2,-2
21,22201173,1610612739,CLE,Cleveland,1629603,Mamadi Diakite,Mamadi,,DNP - Coach's Decision,,,,,,,,,,,,,,,,,,,,
22,22201173,1610612739,CLE,Cleveland,201980,Danny Green,Danny,,DNP - Coach's Decision,,,,,,,,,,,,,,,,,,,,
23,22201173,1610612739,CLE,Cleveland,201577,Robin Lopez,Robin,,DNP - Coach's Decision,,,,,,,,,,,,,,,,,,,,
24,22201173,1610612739,CLE,Cleveland,1630241,Sam Merrill,Sam,,DNP - Coach's Decision,,,,,,,,,,,,,,,,,,,,
25,22201173,1610612739,CLE,Cleveland,1630600,Isaiah Mobley,Isaiah,,DNP - Coach's Decision,,,,,,,,,,,,,,,,,,,,
26,22201173,1610612739,CLE,Cleveland,203526,Raul Neto,Raul,,DNP - Coach's Decision,,,,,,,,,,,,,,,,,,,,
0,22201163,1610612761,TOR,Toronto,1628384,O.G. Anunoby,O.G.,F,,34:11:00,9,13,0.692,5,6,0.833,0,0,0,1,6,7,1,0,0,0,2,23,16
1,22201163,1610612761,TOR,Toronto,1627783,Pascal Siakam,Pascal,F,,38:06:00,16,24,0.667,2,7,0.286,2,2,1,2,5,7,7,2,0,0,1,36,16
2,22201163,1610612761,TOR,Toronto,1627751,Jakob Poeltl,Jakob,C,,30:01:00,8,12,0.667,0,0,0,0,0,0,4,5,9,3,1,4,1,3,16,16
3,22201163,1610612761,TOR,Toronto,1630567,Scottie Barnes,Scottie,G,,36:04:00,6,12,0.5,0,1,0,0,0,0,1,2,3,3,2,1,3,1,12,15
4,22201163,1610612761,TOR,Toronto,1627832,Fred VanVleet,Fred,G,,37:41:00,7,17,0.412,1,8,0.125,5,5,1,1,4,5,20,3,0,2,4,20,18
5,22201163,1610612761,TOR,Toronto,1628449,Chris Boucher,Chris,,,16:17,3,9,0.333,0,3,0,1,1,1,1,4,5,0,0,0,0,0,7,2
6,22201163,1610612761,TOR,Toronto,1631132,Christian Koloko,Christian,,,15:46,3,6,0.5,0,1,0,0,0,0,3,0,3,0,0,1,0,2,6,2
7,22201163,1610612761,TOR,Toronto,1630288,Jeff Dowtin Jr.,Jeff,,,10:25,0,0,0,0,0,0,0,0,0,0,0,0,4,0,0,0,1,0,-3
8,22201163,1610612761,TOR,Toronto,1630173,Precious Achiuwa,Precious,,,12:32,4,7,0.571,0,1,0,0,0,0,1,2,3,0,0,0,1,0,8,6
9,22201163,1610612761,TOR,Toronto,1630201,Malachi Flynn,Malachi,,,4:03,0,3,0,0,1,0,0,0,0,0,0,0,0,0,0,0,0,0,6
10,22201163,1610612761,TOR,Toronto,1630580,Joe Wieskamp,Joe,,,1:38,0,0,0,0,0,0,0,0,0,0,1,1,0,0,0,0,0,0,2
11,22201163,1610612761,TOR,Toronto,1631199,Ron Harper Jr.,Ron,,,1:38,0,0,0,0,0,0,0,0,0,1,0,1,0,0,0,0,0,0,2
12,22201163,1610612761,TOR,Toronto,1630625,Dalano Banton,Dalano,,,1:38,0,1,0,0,0,0,0,0,0,0,1,1,0,0,0,0,0,0,2
13,22201163,1610612761,TOR,Toronto,201152,Thaddeus Young,Thaddeus,,DNP - Coach's Decision,,,,,,,,,,,,,,,,,,,,
14,22201163,1610612766,CHA,Charlotte,1631121,Bryce McGowens,Bryce,F,,30:18:00,3,6,0.5,1,2,0.5,4,6,0.667,0,2,2,2,0,0,2,1,11,-13
15,22201163,1610612766,CHA,Charlotte,1630550,JT Thor,JT,F,,33:56:00,3,7,0.429,1,2,0.5,1,2,0.5,0,2,2,0,0,0,2,2,8,-7
16,22201163,1610612766,CHA,Charlotte,1631109,Mark Williams,Mark,C,,26:51:00,7,15,0.467,0,0,0,1,1,1,7,5,12,0,0,0,1,2,15,-15
17,22201163,1610612766,CHA,Charlotte,1629004,Svi Mykhailiuk,Svi,G,,33:29:00,10,17,0.588,5,9,0.556,1,1,1,2,2,4,5,2,0,3,1,26,-9
18,22201163,1610612766,CHA,Charlotte,1630177,Theo Maledon,Theo,G,,40:55:00,4,16,0.25,0,6,0,0,0,0,1,7,8,14,0,1,2,2,8,-16
19,22201163,1610612766,CHA,Charlotte,1630547,James Bouknight,James,,,25:14:00,7,11,0.636,5,7,0.714,2,2,1,0,2,2,1,0,0,3,1,21,-18
20,22201163,1610612766,CHA,Charlotte,1630539,Kai Jones,Kai,,,31:45:00,5,10,0.5,0,2,0,0,1,0,0,5,5,2,1,3,3,2,10,-18
21,22201163,1610612766,CHA,Charlotte,1630270,Xavier Sneed,Xavier,,,15:54,3,3,1,3,3,1,0,0,0,0,2,2,2,0,0,1,0,9,-2
22,22201163,1610612766,CHA,Charlotte,1628424,Kobi Simmons,Kobi,,,1:38,0,0,0,0,0,0,0,0,0,0,0,0,0,0,0,0,0,0,-2
23,22201163,1610612766,CHA,Charlotte,1626162,Kelly Oubre Jr.,Kelly,,DND - Injury/Illness,,,,,,,,,,,,,,,,,,,,
24,22201163,1610612766,CHA,Charlotte,1630208,Nick Richards,Nick,,DNP - Coach's Decision,,,,,,,,,,,,,,,,,,,,
0,22201173,1610612754,IND,Indiana,1630174,Aaron Nesmith,Aaron,F,,32.000000:12,4,9,0.444,3,4,0.75,3,6,0.5,2,4,6,2,0,0,0,3,14,-17
1,22201173,1610612754,IND,Indiana,1629670,Jordan Nwora,Jordan,F,,35.000000:54,4,15,0.267,2,8,0.25,5,6,0.833,3,7,10,3,0,0,1,0,15,-11
2,22201173,1610612754,IND,Indiana,1630543,Isaiah Jackson,Isaiah,C,,20.000000:55,1,5,0.2,0,0,0,1,2,0.5,0,2,2,1,0,2,2,4,3,-8
3,22201173,1610612754,IND,Indiana,1631097,Bennedict Mathurin,Bennedict,G,,32.000000:34,5,12,0.417,1,2,0.5,8,8,1,3,6,9,0,0,2,4,5,19,-7
4,22201173,1610612754,IND,Indiana,1629614,Andrew Nembhard,Andrew,G,,31.000000:21,6,14,0.429,1,2,0.5,0,0,0,0,2,2,8,3,0,3,1,13,-16
5,22201173,1610612754,IND,Indiana,1627741,Buddy Hield,Buddy,,,22.000000:59,3,8,0.375,1,4,0.25,3,3,1,1,4,5,1,2,0,2,2,10,-2
6,22201173,1610612754,IND,Indiana,1630188,Jalen Smith,Jalen,,,27.000000:05,5,8,0.625,1,2,0.5,1,1,1,2,6,8,0,0,2,0,4,12,-2
7,22201173,1610612754,IND,Indiana,204456,T.J. McConnell,T.J.,,,19.000000:16,7,8,0.875,0,0,0,2,2,1,0,2,2,5,0,0,2,4,16,7
8,22201173,1610612754,IND,Indiana,1629052,Oshae Brissett,Oshae,,,17.000000:44,1,4,0.25,0,2,0,1,1,1,0,0,0,1,0,0,1,3,3,6
9,22201173,1610612754,IND,Indiana,201588,George Hill,George,,DNP - Coach's Decision,,,,,,,,,,,,,,,,,,,,
10,22201173,1610612754,IND,Indiana,201949,James Johnson,James,,DNP - Coach's Decision,,,,,,,,,,,,,,,,,,,,
11,22201173,1610612754,IND,Indiana,1628464,Daniel Theis,Daniel,,DNP - Coach's Decision,,,,,,,,,,,,,,,,,,,,
12,22201173,1610612739,CLE,Cleveland,1629731,Dean Wade,Dean,F,,27.000000:08,2,3,0.667,1,2,0.5,0,0,0,2,3,5,1,0,0,0,3,5,15
13,22201173,1610612739,CLE,Cleveland,1630596,Evan Mobley,Evan,F,,39.000000:09,7,17,0.412,0,1,0,0,0,0,5,11,16,4,0,4,0,3,14,15
14,22201173,1610612739,CLE,Cleveland,1628386,Jarrett Allen,Jarrett,C,,26.000000:35,6,9,0.667,0,0,0,3,6,0.5,4,3,7,1,1,0,1,1,15,-2
15,22201173,1610612739,CLE,Cleveland,1628378,Donovan Mitchell,Donovan,G,,39.000000:45,14,25,0.56,3,9,0.333,9,12,0.75,0,6,6,1,3,0,5,4,40,16
16,22201173,1610612739,CLE,Cleveland,1629636,Darius Garland,Darius,G,,39.000000:16,8,20,0.4,2,3,0.667,2,2,1,1,2,3,6,2,0,2,2,20,3
17,22201173,1610612739,CLE,Cleveland,1627747,Caris LeVert,Caris,,,33.000000:00,5,10,0.5,2,6,0.333,3,4,0.75,0,3,3,4,0,3,0,6,15,14
18,22201173,1610612739,CLE,Cleveland,201937,Ricky Rubio,Ricky,,,14.000000:03,0,1,0,0,0,0,0,0,0,0,1,1,5,1,0,1,2,0,1
19,22201173,1610612739,CLE,Cleveland,1626224,Cedi Osman,Cedi,,,8.000000:45,1,3,0.333,1,2,0.5,1,2,0.5,0,0,0,1,0,0,0,0,4,-10
20,22201173,1610612739,CLE,Cleveland,1630205,Lamar Stevens,Lamar,,,12.000000:19,1,2,0.5,0,1,0,0,0,0,1,1,2,0,0,0,1,1,2,-2
21,22201173,1610612739,CLE,Cleveland,1629603,Mamadi Diakite,Mamadi,,DNP - Coach's Decision,,,,,,,,,,,,,,,,,,,,
22,22201173,1610612739,CLE,Cleveland,201980,Danny Green,Danny,,DNP - Coach's Decision,,,,,,,,,,,,,,,,,,,,
23,22201173,1610612739,CLE,Cleveland,201577,Robin Lopez,Robin,,DNP - Coach's Decision,,,,,,,,,,,,,,,,,,,,
24,22201173,1610612739,CLE,Cleveland,1630241,Sam Merrill,Sam,,DNP - Coach's Decision,,,,,,,,,,,,,,,,,,,,
25,22201173,1610612739,CLE,Cleveland,1630600,Isaiah Mobley,Isaiah,,DNP - Coach's Decision,,,,,,,,,,,,,,,,,,,,
26,22201173,1610612739,CLE,Cleveland,203526,Raul Neto,Raul,,DNP - Coach's Decision,,,,,,,,,,,,,,,,,,,,
0,22201175,1610612744,GSW,Golden State,1628978,Donte DiVincenzo,Donte,F,,31:34:00,8,12,0.667,1,4,0.25,1,1,1,5,8,13,4,2,0,3,3,18,12
1,22201175,1610612744,GSW,Golden State,203110,Draymond Green,Draymond,F,,36:34:00,2,7,0.286,0,1,0,0,0,0,4,5,9,7,1,0,4,5,4,1
2,22201175,1610612744,GSW,Golden State,1626172,Kevon Looney,Kevon,C,,27:04:00,2,6,0.333,0,0,0,2,2,1,7,7,14,1,1,1,1,2,6,3
3,22201175,1610612744,GSW,Golden State,202691,Klay Thompson,Klay,G,,39:06:00,9,28,0.321,5,16,0.313,2,2,1,1,4,5,4,1,0,1,3,25,0
4,22201175,1610612744,GSW,Golden State,201939,Stephen Curry,Stephen,G,,36:52:00,8,28,0.286,2,14,0.143,3,3,1,1,2,3,4,0,2,3,1,21,-5
5,22201175,1610612744,GSW,Golden State,1630228,Jonathan Kuminga,Jonathan,,,22:37,3,5,0.6,1,2,0.5,2,2,1,0,1,1,2,2,0,0,2,9,-1
6,22201175,1610612744,GSW,Golden State,1629673,Jordan Poole,Jordan,,,19:43,7,13,0.538,0,3,0,3,3,1,0,2,2,3,1,0,1,4,17,-6
7,22201175,1610612744,GSW,Golden State,1630237,Anthony Lamb,Anthony,,,15:10,2,4,0.5,0,2,0,4,4,1,3,5,8,0,1,1,2,1,8,-2
8,22201175,1610612744,GSW,Golden State,1627780,Gary Payton II,Gary,,,11:20,1,2,0.5,0,0,0,0,0,0,1,1,2,1,0,0,0,1,2,-12
9,22201175,1610612744,GSW,Golden State,1631116,Patrick Baldwin Jr.,Patrick,,DNP - Coach's Decision,,,,,,,,,,,,,,,,,,,,
10,22201175,1610612744,GSW,Golden State,203210,JaMychal Green,JaMychal,,DNP - Coach's Decision,,,,,,,,,,,,,,,,,,,,
11,22201175,1610612744,GSW,Golden State,1630541,Moses Moody,Moses,,DNP - Coach's Decision,,,,,,,,,,,,,,,,,,,,
12,22201175,1610612744,GSW,Golden State,1631311,Lester Quinones,Lester,,DNP - Coach's Decision,,,,,,,,,,,,,,,,,,,,
13,22201175,1610612743,DEN,Denver,1629008,Michael Porter Jr.,Michael,F,,33:39:00,10,17,0.588,4,8,0.5,5,6,0.833,3,8,11,0,0,0,1,1,29,4
14,22201175,1610612743,DEN,Denver,203932,Aaron Gordon,Aaron,F,,38:56:00,6,18,0.333,0,3,0,1,2,0.5,6,4,10,7,2,0,2,3,13,9
15,22201175,1610612743,DEN,Denver,201145,Jeff Green,Jeff,C,,26:11:00,4,8,0.5,1,5,0.2,1,1,1,0,4,4,3,0,1,0,1,10,1
16,22201175,1610612743,DEN,Denver,203484,Kentavious Caldwell-Pope,Kentavious,G,,20:59,1,6,0.167,0,3,0,1,1,1,0,4,4,0,3,0,3,2,3,-8
17,22201175,1610612743,DEN,Denver,1627750,Jamal Murray,Jamal,G,,41:30:00,10,21,0.476,3,8,0.375,3,3,1,1,2,3,8,2,2,3,2,26,8
18,22201175,1610612743,DEN,Denver,1628971,Bruce Brown,Bruce,,,31:43:00,5,11,0.455,0,1,0,4,5,0.8,3,1,4,3,2,1,1,4,14,0
19,22201175,1610612743,DEN,Denver,1631128,Christian Braun,Christian,,,16:04,3,10,0.3,0,3,0,0,0,0,1,4,5,1,2,0,0,1,6,7
20,22201175,1610612743,DEN,Denver,202704,Reggie Jackson,Reggie,,,7:08,1,2,0.5,1,1,1,0,0,0,0,1,1,0,0,0,1,1,3,-9
21,22201175,1610612743,DEN,Denver,1628427,Vlatko Cancar,Vlatko,,,3:24,0,1,0,0,1,0,0,0,0,0,0,0,2,0,0,0,0,0,-5
22,22201175,1610612743,DEN,Denver,1631212,Peyton Watson,Peyton,,,20:27,4,6,0.667,0,0,0,0,0,0,3,2,5,0,0,3,0,2,8,3
23,22201175,1610612743,DEN,Denver,1628418,Thomas Bryant,Thomas,,DNP - Coach's Decision,,,,,,,,,,,,,,,,,,,,
24,22201175,1610612743,DEN,Denver,201599,DeAndre Jordan,DeAndre,,DNP - Coach's Decision,,,,,,,,,,,,,,,,,,,,
25,22201175,1610612743,DEN,Denver,202397,Ish Smith,Ish,,DNP - Coach's Decision,,,,,,,,,,,,,,,,,,,,
26,22201175,1610612743,DEN,Denver,1631298,Jack White,Jack,,DNP - Coach's Decision,,,,,,,,,,,,,,,,,,,,
0,22201164,1610612762,UTA,Utah,1628374,Lauri Markkanen,Lauri,F,,34:42:00,8,21,0.381,1,8,0.125,6,6,1,2,7,9,2,2,0,2,3,23,11
1,22201164,1610612762,UTA,Utah,203482,Kelly Olynyk,Kelly,F,,32:54:00,2,7,0.286,0,2,0,3,4,0.75,1,14,15,5,1,0,3,5,7,10
2,22201164,1610612762,UTA,Utah,1631117,Walker Kessler,Walker,C,,21:36,3,5,0.6,0,1,0,0,2,0,4,4,8,0,0,0,0,1,6,-4
3,22201164,1610612762,UTA,Utah,1630534,Ochai Agbaji,Ochai,G,,28:47:00,6,13,0.462,2,7,0.286,5,5,1,2,0,2,1,0,0,0,1,19,-1
4,22201164,1610612762,UTA,Utah,1629659,Talen Horton-Tucker,Talen,G,,34:03:00,12,25,0.48,3,7,0.429,5,6,0.833,1,3,4,8,0,0,2,3,32,7
5,22201164,1610612762,UTA,Utah,1629308,Juan Toscano-Anderson,Juan,,,22:16,2,5,0.4,0,1,0,0,0,0,1,5,6,4,0,0,2,3,4,4
6,22201164,1610612762,UTA,Utah,1631323,Simone Fontecchio,Simone,,,13:24,1,5,0.2,0,2,0,0,2,0,0,1,1,0,1,0,0,2,2,-13
7,22201164,1610612762,UTA,Utah,1627739,Kris Dunn,Kris,,,27:48:00,5,7,0.714,1,1,1,2,3,0.667,0,1,1,3,1,1,1,2,13,2
8,22201164,1610612762,UTA,Utah,1628962,Udoka Azubuike,Udoka,,,14:03,0,0,0,0,0,0,0,0,0,0,4,4,0,0,0,0,2,0,-13
9,22201164,1610612762,UTA,Utah,1629677,Luka Samanic,Luka,,,10:27,1,3,0.333,1,3,0.333,1,2,0.5,0,2,2,1,0,0,1,1,4,-8
10,22201164,1610612762,UTA,Utah,1627745,Damian Jones,Damian,,DNP - Coach's Decision,,,,,,,,,,,,,,,,,,,,
11,22201164,1610612762,UTA,Utah,1630548,Johnny Juzang,Johnny,,DNP - Coach's Decision,,,,,,,,,,,,,,,,,,,,
12,22201164,1610612762,UTA,Utah,1630695,Micah Potter,Micah,,DNP - Coach's Decision,,,,,,,,,,,,,,,,,,,,
13,22201164,1610612751,BKN,Brooklyn,1629661,Cameron Johnson,Cameron,F,,31:44:00,5,9,0.556,1,2,0.5,7,8,0.875,1,5,6,2,0,0,2,3,18,-1
14,22201164,1610612751,BKN,Brooklyn,1627827,Dorian Finney-Smith,Dorian,F,,29:31:00,3,6,0.5,1,2,0.5,1,2,0.5,0,1,1,1,0,2,0,4,8,0
15,22201164,1610612751,BKN,Brooklyn,1629651,Nic Claxton,Nic,C,,32:28:00,7,8,0.875,0,0,0,0,1,0,2,5,7,1,2,0,0,3,14,3
16,22201164,1610612751,BKN,Brooklyn,1628969,Mikal Bridges,Mikal,G,,38:56:00,9,25,0.36,1,8,0.125,11,13,0.846,0,7,7,2,3,0,1,2,30,8
17,22201164,1610612751,BKN,Brooklyn,203915,Spencer Dinwiddie,Spencer,G,,34:30:00,5,13,0.385,2,5,0.4,5,6,0.833,0,4,4,12,0,0,2,1,17,4
18,22201164,1610612751,BKN,Brooklyn,1630549,Day'Ron Sharpe,Day'Ron,,,14:45,2,3,0.667,0,0,0,2,2,1,4,3,7,0,0,0,2,2,6,0
19,22201164,1610612751,BKN,Brooklyn,1626220,Royce O'Neale,Royce,,,19:08,1,5,0.2,1,5,0.2,0,0,0,0,3,3,4,0,0,1,4,3,-1
20,22201164,1610612751,BKN,Brooklyn,203925,Joe Harris,Joe,,,5:00,0,3,0,0,3,0,0,0,0,0,1,1,1,1,0,0,1,0,1
21,22201164,1610612751,BKN,Brooklyn,203552,Seth Curry,Seth,,,17:07,3,7,0.429,1,3,0.333,0,2,0,0,1,1,0,0,0,0,2,7,-7
22,22201164,1610612751,BKN,Brooklyn,1629139,Yuta Watanabe,Yuta,,,8:21,2,4,0.5,2,4,0.5,0,0,0,0,1,1,2,0,0,0,3,6,2
23,22201164,1610612751,BKN,Brooklyn,1630560,Cam Thomas,Cam,,,8:30,1,3,0.333,0,0,0,0,0,0,0,2,2,0,0,0,0,1,2,-4
24,22201164,1610612751,BKN,Brooklyn,1629650,Moses Brown,Moses,,DNP - Coach's Decision,,,,,,,,,,,,,,,,,,,,
25,22201164,1610612751,BKN,Brooklyn,201988,Patty Mills,Patty,,DNP - Coach's Decision,,,,,,,,,,,,,,,,,,,,
26,22201164,1610612751,BKN,Brooklyn,1628410,Edmond Sumner,Edmond,,DNP - Coach's Decision,,,,,,,,,,,,,,,,,,,,
0,22201174,1610612755,PHI,Philadelphia,202699,Tobias Harris,Tobias,F,,28:18:00,3,6,0.5,0,3,0,0,0,0,1,2,3,3,1,2,1,1,6,-12
1,22201174,1610612755,PHI,Philadelphia,200782,P.J. Tucker,P.J.,F,,24:09:00,2,5,0.4,1,3,0.333,0,0,0,1,1,2,2,0,0,0,4,5,-11
2,22201174,1610612755,PHI,Philadelphia,203954,Joel Embiid,Joel,C,,31:36:00,11,25,0.44,1,7,0.143,5,5,1,1,8,9,5,0,0,1,4,28,-10
3,22201174,1610612755,PHI,Philadelphia,1630178,Tyrese Maxey,Tyrese,G,,34:53:00,9,15,0.6,6,7,0.857,5,5,1,0,4,4,2,1,0,1,1,29,-13
4,22201174,1610612755,PHI,Philadelphia,201935,James Harden,James,G,,34:18:00,4,9,0.444,1,3,0.333,2,2,1,1,1,2,6,1,0,5,3,11,-12
5,22201174,1610612755,PHI,Philadelphia,1627777,Georges Niang,Georges,,,17:17,0,2,0,0,2,0,0,0,0,0,0,0,0,0,0,0,1,0,-10
6,22201174,1610612755,PHI,Philadelphia,1629001,De'Anthony Melton,De'Anthony,,,21:40,1,5,0.2,1,4,0.25,0,0,0,1,0,1,0,0,0,2,2,3,-16
7,22201174,1610612755,PHI,Philadelphia,1629667,Jalen McDaniels,Jalen,,,14:02,0,4,0,0,1,0,0,0,0,1,2,3,1,0,0,0,0,0,-9
8,22201174,1610612755,PHI,Philadelphia,1630194,Paul Reed,Paul,,,13:21,4,5,0.8,0,0,0,0,0,0,5,5,10,0,0,0,0,1,8,3
9,22201174,1610612755,PHI,Philadelphia,1627863,Danuel House Jr.,Danuel,,,9:14,4,7,0.571,2,4,0.5,0,0,0,0,1,1,0,0,0,0,0,10,6
10,22201174,1610612755,PHI,Philadelphia,1629003,Shake Milton,Shake,,,4:03,1,2,0.5,0,1,0,0,1,0,0,1,1,0,0,0,0,0,2,7
11,22201174,1610612755,PHI,Philadelphia,1627788,Furkan Korkmaz,Furkan,,,4:03,1,1,1,0,0,0,0,0,0,0,0,0,0,0,0,0,0,2,7
12,22201174,1610612755,PHI,Philadelphia,1626149,Montrezl Harrell,Montrezl,,,3:06,0,1,0,0,1,0,0,0,0,0,0,0,0,0,0,1,0,0,5
13,22201174,1610612755,PHI,Philadelphia,203473,Dewayne Dedmon,Dewayne,,DNP - Coach's Decision,,,,,,,,,,,,,,,,,,,,
14,22201174,1610612749,MIL,Milwaukee,203114,Khris Middleton,Khris,F,,31:52:00,6,14,0.429,3,8,0.375,4,4,1,0,3,3,9,0,0,1,2,19,7
15,22201174,1610612749,MIL,Milwaukee,203507,Giannis Antetokounmpo,Giannis,F,,31:49:00,13,17,0.765,0,1,0,7,13,0.538,2,12,14,6,1,3,4,5,33,21
16,22201174,1610612749,MIL,Milwaukee,201572,Brook Lopez,Brook,C,,31:12:00,9,13,0.692,1,2,0.5,2,2,1,3,3,6,0,0,0,0,2,21,12
17,22201174,1610612749,MIL,Milwaukee,1628960,Grayson Allen,Grayson,G,,19:43,1,3,0.333,0,2,0,0,0,0,0,5,5,1,0,0,0,1,2,12
18,22201174,1610612749,MIL,Milwaukee,201950,Jrue Holiday,Jrue,G,,34:42:00,7,11,0.636,2,4,0.5,2,2,1,1,2,3,3,4,0,2,1,18,8
19,22201174,1610612749,MIL,Milwaukee,204060,Joe Ingles,Joe,,,19:32,2,3,0.667,2,3,0.667,0,0,0,0,1,1,2,1,0,1,0,6,13
20,22201174,1610612749,MIL,Milwaukee,1626171,Bobby Portis,Bobby,,,27:30:00,8,11,0.727,2,3,0.667,0,0,0,0,5,5,0,1,1,1,3,18,6
21,22201174,1610612749,MIL,Milwaukee,203109,Jae Crowder,Jae,,,17:04,0,5,0,0,2,0,0,0,0,0,0,0,1,1,1,0,1,0,-3
22,22201174,1610612749,MIL,Milwaukee,1628975,Jevon Carter,Jevon,,,20:52,0,1,0,0,1,0,0,0,0,0,2,2,6,0,0,0,1,0,13
23,22201174,1610612749,MIL,Milwaukee,201609,Goran Dragic,Goran,,,1:26,0,2,0,0,2,0,0,0,0,0,0,0,0,0,0,0,0,0,-6
24,22201174,1610612749,MIL,Milwaukee,202083,Wesley Matthews,Wesley,,,1:26,0,0,0,0,0,0,0,0,0,0,1,1,0,0,0,0,0,0,-6
25,22201174,1610612749,MIL,Milwaukee,1626192,Pat Connaughton,Pat,,,1:26,0,0,0,0,0,0,0,0,0,0,1,1,0,0,0,0,0,0,-6
26,22201174,1610612749,MIL,Milwaukee,1630699,MarJon Beauchamp,MarJon,,,1:26,0,0,0,0,0,0,0,0,0,1,0,1,0,0,0,0,1,0,-6
27,22201174,1610612749,MIL,Milwaukee,203648,Thanasis Antetokounmpo,Thanasis,,DND_LEAGUE_SUSPENSION,,,,,,,,,,,,,,,,,,,,
0,22201165,1610612763,MEM,Memphis,1628415,Dillon Brooks,Dillon,F,,32:13:00,5,15,0.333,4,11,0.364,0,0,0,0,4,4,4,1,0,3,1,14,-26
1,22201165,1610612763,MEM,Memphis,1628991,Jaren Jackson Jr.,Jaren,F,,29:38:00,11,20,0.55,5,8,0.625,4,4,1,3,5,8,1,0,1,1,5,31,-7
2,22201165,1610612763,MEM,Memphis,1630214,Xavier Tillman,Xavier,C,,29:59:00,2,2,1,0,0,0,2,4,0.5,2,6,8,1,0,0,2,4,6,-20
3,22201165,1610612763,MEM,Memphis,1630217,Desmond Bane,Desmond,G,,33:10:00,8,12,0.667,2,3,0.667,3,3,1,0,5,5,4,0,1,4,4,21,-11
4,22201165,1610612763,MEM,Memphis,1629630,Ja Morant,Ja,G,,34:06:00,7,16,0.438,2,5,0.4,1,1,1,1,9,10,10,0,0,5,1,17,-20
5,22201165,1610612763,MEM,Memphis,1630583,Santi Aldama,Santi,,,16:52,1,3,0.333,1,2,0.5,0,0,0,0,3,3,1,0,0,0,2,3,-6
6,22201165,1610612763,MEM,Memphis,1631223,David Roddy,David,,,11:46,1,3,0.333,1,2,0.5,0,0,0,1,2,3,2,0,1,1,2,3,-9
7,22201165,1610612763,MEM,Memphis,1628379,Luke Kennard,Luke,,,27:45:00,2,7,0.286,2,7,0.286,0,0,0,1,2,3,2,0,0,0,2,6,-5
8,22201165,1610612763,MEM,Memphis,1626145,Tyus Jones,Tyus,,,17:08,2,5,0.4,2,4,0.5,0,0,0,0,1,1,4,0,0,0,0,6,-1
9,22201165,1610612763,MEM,Memphis,1629723,John Konchar,John,,,1:29,0,0,0,0,0,0,0,0,0,0,1,1,0,0,0,0,0,0,0
10,22201165,1610612763,MEM,Memphis,1631113,Kennedy Chandler,Kennedy,,,1:29,0,0,0,0,0,0,0,0,0,0,0,0,0,0,0,0,0,0,0
11,22201165,1610612763,MEM,Memphis,1631246,Vince Williams Jr.,Vince,,,1:29,0,1,0,0,1,0,0,0,0,0,0,0,0,0,0,0,0,0,0
12,22201165,1610612763,MEM,Memphis,1631254,Kenneth Lofton Jr.,Kenneth,,,1:29,0,0,0,0,0,0,0,0,0,0,1,1,0,0,0,2,1,0,0
13,22201165,1610612763,MEM,Memphis,1631222,Jake LaRavia,Jake,,,1:29,0,0,0,0,0,0,0,0,0,0,0,0,0,0,0,0,0,0,0
14,22201165,1610612741,CHI,Chicago,201942,DeMar DeRozan,DeMar,F,,33:54:00,11,26,0.423,0,4,0,9,9,1,1,4,5,7,1,0,0,3,31,17
15,22201165,1610612741,CHI,Chicago,1627936,Alex Caruso,Alex,F,,24:06:00,2,3,0.667,1,2,0.5,0,0,0,0,1,1,2,3,2,0,2,5,20
16,22201165,1610612741,CHI,Chicago,202696,Nikola Vucevic,Nikola,C,,32:08:00,6,10,0.6,1,2,0.5,0,1,0,0,10,10,2,1,1,0,0,13,15
17,22201165,1610612741,CHI,Chicago,203897,Zach LaVine,Zach,G,,34:42:00,13,19,0.684,3,8,0.375,7,8,0.875,0,3,3,9,1,0,0,2,36,25
18,22201165,1610612741,CHI,Chicago,201976,Patrick Beverley,Patrick,G,,23:11,1,5,0.2,0,3,0,0,0,0,1,1,2,3,0,0,1,2,2,-1
19,22201165,1610612741,CHI,Chicago,1630172,Patrick Williams,Patrick,,,26:07:00,5,10,0.5,2,5,0.4,0,0,0,1,2,3,1,1,3,0,2,12,-2
20,22201165,1610612741,CHI,Chicago,1629632,Coby White,Coby,,,30:32:00,8,13,0.615,2,5,0.4,1,1,1,0,6,6,4,1,0,0,1,19,18
21,22201165,1610612741,CHI,Chicago,203083,Andre Drummond,Andre,,,6:40,1,2,0.5,0,0,0,0,0,0,0,3,3,0,0,0,0,0,2,-9
22,22201165,1610612741,CHI,Chicago,1630245,Ayo Dosunmu,Ayo,,,0.75,2,4,0.5,0,1,0,0,0,0,1,2,3,1,0,0,0,1,4,7
23,22201165,1610612741,CHI,Chicago,1627884,Derrick Jones Jr.,Derrick,,,9:13,1,1,1,0,0,0,2,3,0.667,0,0,0,0,1,0,0,0,4,15
24,22201165,1610612741,CHI,Chicago,1631207,Dalen Terry,Dalen,,,1:29,0,1,0,0,1,0,0,0,0,0,0,0,0,0,0,0,0,0,0
25,22201165,1610612741,CHI,Chicago,1629750,Javonte Green,Javonte,,DNP - Coach's Decision,,,,,,,,,,,,,,,,,,,,
26,22201165,1610612741,CHI,Chicago,1630637,Carlik Jones,Carlik,,DNP - Coach's Decision,,,,,,,,,,,,,,,,,,,,
27,22201165,1610612741,CHI,Chicago,1630250,Marko Simonovic,Marko,,DNP - Coach's Decision,,,,,,,,,,,,,,,,,,,,
28,22201165,1610612741,CHI,Chicago,1630678,Terry Taylor,Terry,,DNP - Coach's Decision,,,,,,,,,,,,,,,,,,,,
0,22201168,1610612764,WAS,Washington,1630166,Deni Avdija,Deni,F,,34:25:00,3,8,0.375,1,3,0.333,2,2,1,0,3,3,5,3,1,8,4,9,-3
1,22201168,1610612764,WAS,Washington,1630557,Corey Kispert,Corey,F,,34:04:00,10,19,0.526,4,11,0.364,5,5,1,0,3,3,0,0,0,1,1,29,-17
2,22201168,1610612764,WAS,Washington,1629655,Daniel Gafford,Daniel,C,,27:56:00,2,2,1,0,0,0,0,0,0,1,6,7,0,0,2,2,3,4,-13
3,22201168,1610612764,WAS,Washington,1631098,Johnny Davis,Johnny,G,,30:13:00,6,11,0.545,2,6,0.333,2,4,0.5,0,6,6,3,0,0,0,3,16,-6
4,22201168,1610612764,WAS,Washington,1626153,Delon Wright,Delon,G,,31:37:00,3,9,0.333,1,3,0.333,1,2,0.5,1,4,5,7,4,0,2,0,8,-18
5,22201168,1610612764,WAS,Washington,1630692,Jordan Goodwin,Jordan,,,24:32:00,5,11,0.455,1,3,0.333,0,0,0,3,4,7,6,1,0,0,2,11,-2
6,22201168,1610612764,WAS,Washington,201959,Taj Gibson,Taj,,,16:33,4,8,0.5,4,5,0.8,2,2,1,0,2,2,1,0,0,2,2,14,-5
7,22201168,1610612764,WAS,Washington,1629134,Kendrick Nunn,Kendrick,,,13:00,4,6,0.667,3,4,0.75,0,0,0,0,2,2,0,1,0,3,0,11,-5
8,22201168,1610612764,WAS,Washington,1631245,Quenton Jackson,Quenton,,,17:54,1,4,0.25,0,2,0,2,2,1,0,1,1,1,0,1,0,2,4,-3
9,22201168,1610612764,WAS,Washington,1630264,Anthony Gill,Anthony,,,3:31,1,1,1,0,0,0,1,1,1,0,1,1,0,0,0,0,0,3,9
10,22201168,1610612764,WAS,Washington,1641645,Xavier Cooks,Xavier,,,3:31,0,0,0,0,0,0,0,0,0,0,1,1,1,0,1,0,1,0,9
11,22201168,1610612764,WAS,Washington,1630643,Jay Huff,Jay,,,2:44,0,0,0,0,0,0,0,0,0,0,0,0,2,0,0,0,0,0,9
12,22201168,1610612752,NYK,New York,1629656,Quentin Grimes,Quentin,F,,41:18:00,9,17,0.529,6,11,0.545,3,4,0.75,0,2,2,5,0,0,0,3,27,16
13,22201168,1610612752,NYK,New York,1630167,Obi Toppin,Obi,F,,33:00:00,9,15,0.6,3,8,0.375,0,0,0,0,1,1,4,2,1,1,2,21,19
14,22201168,1610612752,NYK,New York,1629011,Mitchell Robinson,Mitchell,C,,25:55:00,3,4,0.75,0,0,0,2,2,1,4,7,11,4,2,1,0,2,8,16
15,22201168,1610612752,NYK,New York,1628973,Jalen Brunson,Jalen,G,,39:12:00,11,20,0.55,1,3,0.333,4,5,0.8,0,3,3,8,3,0,5,2,27,19
16,22201168,1610612752,NYK,New York,1630193,Immanuel Quickley,Immanuel,G,,37:05:00,8,18,0.444,3,6,0.5,3,4,0.75,0,6,6,5,3,0,1,5,22,-2
17,22201168,1610612752,NYK,New York,1628404,Josh Hart,Josh,,,25:46:00,1,4,0.25,0,1,0,0,0,0,1,5,6,3,0,1,1,1,2,4
18,22201168,1610612752,NYK,New York,1630540,Miles McBride,Miles,,,8:57,1,4,0.25,0,2,0,0,0,0,0,0,0,0,0,0,0,0,2,-13
19,22201168,1610612752,NYK,New York,1628392,Isaiah Hartenstein,Isaiah,,,22:05,4,5,0.8,0,0,0,1,3,0.333,2,6,8,2,2,1,1,1,9,-7
20,22201168,1610612752,NYK,New York,203095,Evan Fournier,Evan,,,6:42,0,1,0,0,1,0,0,0,0,0,2,2,0,0,0,2,1,0,-7
21,22201168,1610612752,NYK,New York,1629610,DaQuan Jeffries,DaQuan,,DND - Injury/Illness,,,,,,,,,,,,,,,,,,,,
22,22201168,1610612752,NYK,New York,1631211,Trevor Keels,Trevor,,DNP - Coach's Decision,,,,,,,,,,,,,,,,,,,,
23,22201168,1610612752,NYK,New York,1630579,Jericho Sims,Jericho,,DNP - Coach's Decision,,,,,,,,,,,,,,,,,,,,
